STRUCTURE,STRUCTURE_ID,STRUCTURE_NAME,freq,Time frequency,acl00,Classification of activities for time use,quant_inc,Income quantile,deg_urb,Degree of urbanisation,hhcomp,Household composition,unit,Unit of measure,geo,Geopolitical entity (reporting),TIME_PERIOD,Time,OBS_VALUE,Observation value,OBS_FLAG,Observation status (Flag) V2 structure,CONF_STATUS,Confidentiality status (flag)
dataflow,ESTAT:ILC_SCP20$DV_2747(1.0),"Persons participating in formal/informal voluntary activities or active citizenship by income quintile, household composition and degree of urbanisation",A,Annual,AC41A,Formal voluntary activities,TOTAL,Total,TOTAL,Total,TOTAL,Total,PC,Percentage,AL,Albania,2022,,1.6,,,,,
dataflow,ESTAT:ILC_SCP20$DV_2747(1.0),"Persons participating in formal/informal voluntary activities or active citizenship by income quintile, household composition and degree of urbanisation",A,Annual,AC41A,Formal voluntary activities,TOTAL,Total,TOTAL,Total,TOTAL,Total,PC,Percentage,AT,Austria,2015,,28.3,,,,,
dataflow,ESTAT:ILC_SCP20$DV_2747(1.0),"Persons participating in formal/informal voluntary activities or active citizenship by income quintile, household composition and degree of urbanisation",A,Annual,AC41A,Formal voluntary activities,TOTAL,Total,TOTAL,Total,TOTAL,Total,PC,Percentage,AT,Austria,2022,,19.7,,,,,
dataflow,ESTAT:ILC_SCP20$DV_2747(1.0),"Persons participating in formal/informal voluntary activities or active citizenship by income quintile, household composition and degree of urbanisation",A,Annual,AC41A,Formal voluntary activities,TOTAL,Total,TOTAL,Total,TOTAL,Total,PC,Percentage,BE,Belgium,2015,,20.4,,,,,
dataflow,ESTAT:ILC_SCP20$DV_2747(1.0),"Persons participating in formal/informal voluntary activities or active citizenship by income quintile, household composition and degree of urbanisation",A,Annual,AC41A,Formal voluntary activities,TOTAL,Total,TOTAL,Total,TOTAL,Total,PC,Percentage,BE,Belgium,2022,,15.8,,,,,
dataflow,ESTAT:ILC_SCP20$DV_2747(1.0),"Persons participating in formal/informal voluntary activities or active citizenship by income quintile, household composition and degree of urbanisation",A,Annual,AC41A,Formal voluntary activities,TOTAL,Total,TOTAL,Total,TOTAL,Total,PC,Percentage,BG,Bulgaria,2015,,5.2,,,,,
dataflow,ESTAT:ILC_SCP20$DV_2747(1.0),"Persons participating in formal/informal voluntary activities or active citizenship by income quintile, household composition and degree of urbanisation",A,Annual,AC41A,Formal voluntary activities,TOTAL,Total,TOTAL,Total,TOTAL,Total,PC,Percentage,BG,Bulgaria,2022,,3.0,,,,,
dataflow,ESTAT:ILC_SCP20$DV_2747(1.0),"Persons participating in formal/informal voluntary activities or active citizenship by income quintile, household composition and degree of urbanisation",A,Annual,AC41A,Formal voluntary activities,TOTAL,Total,TOTAL,Total,TOTAL,Total,PC,Percentage,CH,Switzerland,2015,,36.5,,,,,
dataflow,ESTAT:ILC_SCP20$DV_2747(1.0),"Persons participating in formal/informal voluntary activities or active citizenship by income quintile, household composition and degree of urbanisation",A,Annual,AC41A,Formal voluntary activities,TOTAL,Total,TOTAL,Total,TOTAL,Total,PC,Percentage,CH,Switzerland,2022,,25.7,,,,,
dataflow,ESTAT:ILC_SCP20$DV_2747(1.0),"Persons participating in formal/informal voluntary activities or active citizenship by income quintile, household composition and degree of urbanisation",A,Annual,AC41A,Formal voluntary activities,TOTAL,Total,TOTAL,Total,TOTAL,Total,PC,Percentage,CY,Cyprus,2015,,7.2,,,,,
dataflow,ESTAT:ILC_SCP20$DV_2747(1.0),"Persons participating in formal/informal voluntary activities or active citizenship by income quintile, household composition and degree of urbanisation",A,Annual,AC41A,Formal voluntary activities,TOTAL,Total,TOTAL,Total,TOTAL,Total,PC,Percentage,CY,Cyprus,2022,,11.3,,,,,
dataflow,ESTAT:ILC_SCP20$DV_2747(1.0),"Persons participating in formal/informal voluntary activities or active citizenship by income quintile, household composition and degree of urbanisation",A,Annual,AC41A,Formal voluntary activities,TOTAL,Total,TOTAL,Total,TOTAL,Total,PC,Percentage,CZ,Czechia,2015,,12.2,,,,,
dataflow,ESTAT:ILC_SCP20$DV_2747(1.0),"Persons participating in formal/informal voluntary activities or active citizenship by income quintile, household composition and degree of urbanisation",A,Annual,AC41A,Formal voluntary activities,TOTAL,Total,TOTAL,Total,TOTAL,Total,PC,Percentage,CZ,Czechia,2022,,10.2,,,,,
dataflow,ESTAT:ILC_SCP20$DV_2747(1.0),"Persons participating in formal/informal voluntary activities or active citizenship by income quintile, household composition and degree of urbanisation",A,Annual,AC41A,Formal voluntary activities,TOTAL,Total,TOTAL,Total,TOTAL,Total,PC,Percentage,DE,Germany,2015,,28.6,,,,,
dataflow,ESTAT:ILC_SCP20$DV_2747(1.0),"Persons participating in formal/informal voluntary activities or active citizenship by income quintile, household composition and degree of urbanisation",A,Annual,AC41A,Formal voluntary activities,TOTAL,Total,TOTAL,Total,TOTAL,Total,PC,Percentage,DE,Germany,2022,,,,u,low reliability,,
dataflow,ESTAT:ILC_SCP20$DV_2747(1.0),"Persons participating in formal/informal voluntary activities or active citizenship by income quintile, household composition and degree of urbanisation",A,Annual,AC41A,Formal voluntary activities,TOTAL,Total,TOTAL,Total,TOTAL,Total,PC,Percentage,DK,Denmark,2015,,38.1,,,,,
dataflow,ESTAT:ILC_SCP20$DV_2747(1.0),"Persons participating in formal/informal voluntary activities or active citizenship by income quintile, household composition and degree of urbanisation",A,Annual,AC41A,Formal voluntary activities,TOTAL,Total,TOTAL,Total,TOTAL,Total,PC,Percentage,DK,Denmark,2022,,25.9,,,,,
dataflow,ESTAT:ILC_SCP20$DV_2747(1.0),"Persons participating in formal/informal voluntary activities or active citizenship by income quintile, household composition and degree of urbanisation",A,Annual,AC41A,Formal voluntary activities,TOTAL,Total,TOTAL,Total,TOTAL,Total,PC,Percentage,EA20,Euro area – 20 countries (2023-2025),2022,,13.2,,e,estimated,,
dataflow,ESTAT:ILC_SCP20$DV_2747(1.0),"Persons participating in formal/informal voluntary activities or active citizenship by income quintile, household composition and degree of urbanisation",A,Annual,AC41A,Formal voluntary activities,TOTAL,Total,TOTAL,Total,TOTAL,Total,PC,Percentage,EE,Estonia,2015,,16.4,,,,,
dataflow,ESTAT:ILC_SCP20$DV_2747(1.0),"Persons participating in formal/informal voluntary activities or active citizenship by income quintile, household composition and degree of urbanisation",A,Annual,AC41A,Formal voluntary activities,TOTAL,Total,TOTAL,Total,TOTAL,Total,PC,Percentage,EE,Estonia,2022,,10.4,,,,,
dataflow,ESTAT:ILC_SCP20$DV_2747(1.0),"Persons participating in formal/informal voluntary activities or active citizenship by income quintile, household composition and degree of urbanisation",A,Annual,AC41A,Formal voluntary activities,TOTAL,Total,TOTAL,Total,TOTAL,Total,PC,Percentage,EL,Greece,2015,,11.7,,,,,
dataflow,ESTAT:ILC_SCP20$DV_2747(1.0),"Persons participating in formal/informal voluntary activities or active citizenship by income quintile, household composition and degree of urbanisation",A,Annual,AC41A,Formal voluntary activities,TOTAL,Total,TOTAL,Total,TOTAL,Total,PC,Percentage,EL,Greece,2022,,7.4,,,,,
dataflow,ESTAT:ILC_SCP20$DV_2747(1.0),"Persons participating in formal/informal voluntary activities or active citizenship by income quintile, household composition and degree of urbanisation",A,Annual,AC41A,Formal voluntary activities,TOTAL,Total,TOTAL,Total,TOTAL,Total,PC,Percentage,ES,Spain,2015,,10.7,,,,,
dataflow,ESTAT:ILC_SCP20$DV_2747(1.0),"Persons participating in formal/informal voluntary activities or active citizenship by income quintile, household composition and degree of urbanisation",A,Annual,AC41A,Formal voluntary activities,TOTAL,Total,TOTAL,Total,TOTAL,Total,PC,Percentage,ES,Spain,2022,,8.9,,,,,
dataflow,ESTAT:ILC_SCP20$DV_2747(1.0),"Persons participating in formal/informal voluntary activities or active citizenship by income quintile, household composition and degree of urbanisation",A,Annual,AC41A,Formal voluntary activities,TOTAL,Total,TOTAL,Total,TOTAL,Total,PC,Percentage,EU27_2020,European Union - 27 countries (from 2020),2015,,18.9,,,,,
dataflow,ESTAT:ILC_SCP20$DV_2747(1.0),"Persons participating in formal/informal voluntary activities or active citizenship by income quintile, household composition and degree of urbanisation",A,Annual,AC41A,Formal voluntary activities,TOTAL,Total,TOTAL,Total,TOTAL,Total,PC,Percentage,EU27_2020,European Union - 27 countries (from 2020),2022,,12.3,,e,estimated,,
dataflow,ESTAT:ILC_SCP20$DV_2747(1.0),"Persons participating in formal/informal voluntary activities or active citizenship by income quintile, household composition and degree of urbanisation",A,Annual,AC41A,Formal voluntary activities,TOTAL,Total,TOTAL,Total,TOTAL,Total,PC,Percentage,FI,Finland,2015,,34.0,,,,,
dataflow,ESTAT:ILC_SCP20$DV_2747(1.0),"Persons participating in formal/informal voluntary activities or active citizenship by income quintile, household composition and degree of urbanisation",A,Annual,AC41A,Formal voluntary activities,TOTAL,Total,TOTAL,Total,TOTAL,Total,PC,Percentage,FI,Finland,2022,,23.7,,,,,
dataflow,ESTAT:ILC_SCP20$DV_2747(1.0),"Persons participating in formal/informal voluntary activities or active citizenship by income quintile, household composition and degree of urbanisation",A,Annual,AC41A,Formal voluntary activities,TOTAL,Total,TOTAL,Total,TOTAL,Total,PC,Percentage,FR,France,2015,,23.0,,,,,
dataflow,ESTAT:ILC_SCP20$DV_2747(1.0),"Persons participating in formal/informal voluntary activities or active citizenship by income quintile, household composition and degree of urbanisation",A,Annual,AC41A,Formal voluntary activities,TOTAL,Total,TOTAL,Total,TOTAL,Total,PC,Percentage,FR,France,2022,,15.6,,,,,
dataflow,ESTAT:ILC_SCP20$DV_2747(1.0),"Persons participating in formal/informal voluntary activities or active citizenship by income quintile, household composition and degree of urbanisation",A,Annual,AC41A,Formal voluntary activities,TOTAL,Total,TOTAL,Total,TOTAL,Total,PC,Percentage,HR,Croatia,2015,,9.7,,,,,
dataflow,ESTAT:ILC_SCP20$DV_2747(1.0),"Persons participating in formal/informal voluntary activities or active citizenship by income quintile, household composition and degree of urbanisation",A,Annual,AC41A,Formal voluntary activities,TOTAL,Total,TOTAL,Total,TOTAL,Total,PC,Percentage,HR,Croatia,2022,,8.8,,,,,
dataflow,ESTAT:ILC_SCP20$DV_2747(1.0),"Persons participating in formal/informal voluntary activities or active citizenship by income quintile, household composition and degree of urbanisation",A,Annual,AC41A,Formal voluntary activities,TOTAL,Total,TOTAL,Total,TOTAL,Total,PC,Percentage,HU,Hungary,2015,,6.9,,,,,
dataflow,ESTAT:ILC_SCP20$DV_2747(1.0),"Persons participating in formal/informal voluntary activities or active citizenship by income quintile, household composition and degree of urbanisation",A,Annual,AC41A,Formal voluntary activities,TOTAL,Total,TOTAL,Total,TOTAL,Total,PC,Percentage,HU,Hungary,2022,,5.8,,,,,
dataflow,ESTAT:ILC_SCP20$DV_2747(1.0),"Persons participating in formal/informal voluntary activities or active citizenship by income quintile, household composition and degree of urbanisation",A,Annual,AC41A,Formal voluntary activities,TOTAL,Total,TOTAL,Total,TOTAL,Total,PC,Percentage,IE,Ireland,2015,,28.7,,u,low reliability,,
dataflow,ESTAT:ILC_SCP20$DV_2747(1.0),"Persons participating in formal/informal voluntary activities or active citizenship by income quintile, household composition and degree of urbanisation",A,Annual,AC41A,Formal voluntary activities,TOTAL,Total,TOTAL,Total,TOTAL,Total,PC,Percentage,IE,Ireland,2022,,20.5,,,,,
dataflow,ESTAT:ILC_SCP20$DV_2747(1.0),"Persons participating in formal/informal voluntary activities or active citizenship by income quintile, household composition and degree of urbanisation",A,Annual,AC41A,Formal voluntary activities,TOTAL,Total,TOTAL,Total,TOTAL,Total,PC,Percentage,IS,Iceland,2015,,32.6,,,,,
dataflow,ESTAT:ILC_SCP20$DV_2747(1.0),"Persons participating in formal/informal voluntary activities or active citizenship by income quintile, household composition and degree of urbanisation",A,Annual,AC41A,Formal voluntary activities,TOTAL,Total,TOTAL,Total,TOTAL,Total,PC,Percentage,IT,Italy,2015,,12.0,,,,,
dataflow,ESTAT:ILC_SCP20$DV_2747(1.0),"Persons participating in formal/informal voluntary activities or active citizenship by income quintile, household composition and degree of urbanisation",A,Annual,AC41A,Formal voluntary activities,TOTAL,Total,TOTAL,Total,TOTAL,Total,PC,Percentage,IT,Italy,2022,,5.3,,,,,
dataflow,ESTAT:ILC_SCP20$DV_2747(1.0),"Persons participating in formal/informal voluntary activities or active citizenship by income quintile, household composition and degree of urbanisation",A,Annual,AC41A,Formal voluntary activities,TOTAL,Total,TOTAL,Total,TOTAL,Total,PC,Percentage,LT,Lithuania,2015,,16.3,,,,,
dataflow,ESTAT:ILC_SCP20$DV_2747(1.0),"Persons participating in formal/informal voluntary activities or active citizenship by income quintile, household composition and degree of urbanisation",A,Annual,AC41A,Formal voluntary activities,TOTAL,Total,TOTAL,Total,TOTAL,Total,PC,Percentage,LT,Lithuania,2022,,7.5,,,,,
dataflow,ESTAT:ILC_SCP20$DV_2747(1.0),"Persons participating in formal/informal voluntary activities or active citizenship by income quintile, household composition and degree of urbanisation",A,Annual,AC41A,Formal voluntary activities,TOTAL,Total,TOTAL,Total,TOTAL,Total,PC,Percentage,LU,Luxembourg,2015,,36.6,,,,,
dataflow,ESTAT:ILC_SCP20$DV_2747(1.0),"Persons participating in formal/informal voluntary activities or active citizenship by income quintile, household composition and degree of urbanisation",A,Annual,AC41A,Formal voluntary activities,TOTAL,Total,TOTAL,Total,TOTAL,Total,PC,Percentage,LU,Luxembourg,2022,,24.9,,,,,
dataflow,ESTAT:ILC_SCP20$DV_2747(1.0),"Persons participating in formal/informal voluntary activities or active citizenship by income quintile, household composition and degree of urbanisation",A,Annual,AC41A,Formal voluntary activities,TOTAL,Total,TOTAL,Total,TOTAL,Total,PC,Percentage,LV,Latvia,2015,,7.3,,,,,
dataflow,ESTAT:ILC_SCP20$DV_2747(1.0),"Persons participating in formal/informal voluntary activities or active citizenship by income quintile, household composition and degree of urbanisation",A,Annual,AC41A,Formal voluntary activities,TOTAL,Total,TOTAL,Total,TOTAL,Total,PC,Percentage,LV,Latvia,2022,,6.1,,,,,
dataflow,ESTAT:ILC_SCP20$DV_2747(1.0),"Persons participating in formal/informal voluntary activities or active citizenship by income quintile, household composition and degree of urbanisation",A,Annual,AC41A,Formal voluntary activities,TOTAL,Total,TOTAL,Total,TOTAL,Total,PC,Percentage,MT,Malta,2015,,8.7,,,,,
dataflow,ESTAT:ILC_SCP20$DV_2747(1.0),"Persons participating in formal/informal voluntary activities or active citizenship by income quintile, household composition and degree of urbanisation",A,Annual,AC41A,Formal voluntary activities,TOTAL,Total,TOTAL,Total,TOTAL,Total,PC,Percentage,MT,Malta,2022,,8.9,,,,,
dataflow,ESTAT:ILC_SCP20$DV_2747(1.0),"Persons participating in formal/informal voluntary activities or active citizenship by income quintile, household composition and degree of urbanisation",A,Annual,AC41A,Formal voluntary activities,TOTAL,Total,TOTAL,Total,TOTAL,Total,PC,Percentage,NL,Netherlands,2015,,40.2,,,,,
dataflow,ESTAT:ILC_SCP20$DV_2747(1.0),"Persons participating in formal/informal voluntary activities or active citizenship by income quintile, household composition and degree of urbanisation",A,Annual,AC41A,Formal voluntary activities,TOTAL,Total,TOTAL,Total,TOTAL,Total,PC,Percentage,NL,Netherlands,2022,,35.7,,,,,
dataflow,ESTAT:ILC_SCP20$DV_2747(1.0),"Persons participating in formal/informal voluntary activities or active citizenship by income quintile, household composition and degree of urbanisation",A,Annual,AC41A,Formal voluntary activities,TOTAL,Total,TOTAL,Total,TOTAL,Total,PC,Percentage,NO,Norway,2015,,48.0,,,,,
dataflow,ESTAT:ILC_SCP20$DV_2747(1.0),"Persons participating in formal/informal voluntary activities or active citizenship by income quintile, household composition and degree of urbanisation",A,Annual,AC41A,Formal voluntary activities,TOTAL,Total,TOTAL,Total,TOTAL,Total,PC,Percentage,NO,Norway,2022,,50.9,,,,,
dataflow,ESTAT:ILC_SCP20$DV_2747(1.0),"Persons participating in formal/informal voluntary activities or active citizenship by income quintile, household composition and degree of urbanisation",A,Annual,AC41A,Formal voluntary activities,TOTAL,Total,TOTAL,Total,TOTAL,Total,PC,Percentage,PL,Poland,2015,,13.8,,u,low reliability,,
dataflow,ESTAT:ILC_SCP20$DV_2747(1.0),"Persons participating in formal/informal voluntary activities or active citizenship by income quintile, household composition and degree of urbanisation",A,Annual,AC41A,Formal voluntary activities,TOTAL,Total,TOTAL,Total,TOTAL,Total,PC,Percentage,PL,Poland,2022,,7.4,,,,,
dataflow,ESTAT:ILC_SCP20$DV_2747(1.0),"Persons participating in formal/informal voluntary activities or active citizenship by income quintile, household composition and degree of urbanisation",A,Annual,AC41A,Formal voluntary activities,TOTAL,Total,TOTAL,Total,TOTAL,Total,PC,Percentage,PT,Portugal,2015,,9.0,,,,,
dataflow,ESTAT:ILC_SCP20$DV_2747(1.0),"Persons participating in formal/informal voluntary activities or active citizenship by income quintile, household composition and degree of urbanisation",A,Annual,AC41A,Formal voluntary activities,TOTAL,Total,TOTAL,Total,TOTAL,Total,PC,Percentage,PT,Portugal,2022,,7.3,,,,,
dataflow,ESTAT:ILC_SCP20$DV_2747(1.0),"Persons participating in formal/informal voluntary activities or active citizenship by income quintile, household composition and degree of urbanisation",A,Annual,AC41A,Formal voluntary activities,TOTAL,Total,TOTAL,Total,TOTAL,Total,PC,Percentage,RO,Romania,2015,,3.2,,,,,
dataflow,ESTAT:ILC_SCP20$DV_2747(1.0),"Persons participating in formal/informal voluntary activities or active citizenship by income quintile, household composition and degree of urbanisation",A,Annual,AC41A,Formal voluntary activities,TOTAL,Total,TOTAL,Total,TOTAL,Total,PC,Percentage,RO,Romania,2022,,3.9,,,,,
dataflow,ESTAT:ILC_SCP20$DV_2747(1.0),"Persons participating in formal/informal voluntary activities or active citizenship by income quintile, household composition and degree of urbanisation",A,Annual,AC41A,Formal voluntary activities,TOTAL,Total,TOTAL,Total,TOTAL,Total,PC,Percentage,RS,Serbia,2015,,5.2,,,,,
dataflow,ESTAT:ILC_SCP20$DV_2747(1.0),"Persons participating in formal/informal voluntary activities or active citizenship by income quintile, household composition and degree of urbanisation",A,Annual,AC41A,Formal voluntary activities,TOTAL,Total,TOTAL,Total,TOTAL,Total,PC,Percentage,RS,Serbia,2022,,2.2,,,,,
dataflow,ESTAT:ILC_SCP20$DV_2747(1.0),"Persons participating in formal/informal voluntary activities or active citizenship by income quintile, household composition and degree of urbanisation",A,Annual,AC41A,Formal voluntary activities,TOTAL,Total,TOTAL,Total,TOTAL,Total,PC,Percentage,SE,Sweden,2015,,35.1,,,,,
dataflow,ESTAT:ILC_SCP20$DV_2747(1.0),"Persons participating in formal/informal voluntary activities or active citizenship by income quintile, household composition and degree of urbanisation",A,Annual,AC41A,Formal voluntary activities,TOTAL,Total,TOTAL,Total,TOTAL,Total,PC,Percentage,SE,Sweden,2022,,21.7,,,,,
dataflow,ESTAT:ILC_SCP20$DV_2747(1.0),"Persons participating in formal/informal voluntary activities or active citizenship by income quintile, household composition and degree of urbanisation",A,Annual,AC41A,Formal voluntary activities,TOTAL,Total,TOTAL,Total,TOTAL,Total,PC,Percentage,SI,Slovenia,2015,,30.4,,,,,
dataflow,ESTAT:ILC_SCP20$DV_2747(1.0),"Persons participating in formal/informal voluntary activities or active citizenship by income quintile, household composition and degree of urbanisation",A,Annual,AC41A,Formal voluntary activities,TOTAL,Total,TOTAL,Total,TOTAL,Total,PC,Percentage,SI,Slovenia,2022,,20.7,,,,,
dataflow,ESTAT:ILC_SCP20$DV_2747(1.0),"Persons participating in formal/informal voluntary activities or active citizenship by income quintile, household composition and degree of urbanisation",A,Annual,AC41A,Formal voluntary activities,TOTAL,Total,TOTAL,Total,TOTAL,Total,PC,Percentage,SK,Slovakia,2015,,8.3,,,,,
dataflow,ESTAT:ILC_SCP20$DV_2747(1.0),"Persons participating in formal/informal voluntary activities or active citizenship by income quintile, household composition and degree of urbanisation",A,Annual,AC41A,Formal voluntary activities,TOTAL,Total,TOTAL,Total,TOTAL,Total,PC,Percentage,SK,Slovakia,2022,,7.5,,,,,
dataflow,ESTAT:ILC_SCP20$DV_2747(1.0),"Persons participating in formal/informal voluntary activities or active citizenship by income quintile, household composition and degree of urbanisation",A,Annual,AC41A,Formal voluntary activities,TOTAL,Total,TOTAL,Total,TOTAL,Total,PC,Percentage,UK,United Kingdom,2015,,23.5,,u,low reliability,,
dataflow,ESTAT:ILC_SCP20$DV_2747(1.0),"Persons participating in formal/informal voluntary activities or active citizenship by income quintile, household composition and degree of urbanisation",A,Annual,AC42A,Informal voluntary activities,TOTAL,Total,TOTAL,Total,TOTAL,Total,PC,Percentage,AL,Albania,2022,,2.7,,,,,
dataflow,ESTAT:ILC_SCP20$DV_2747(1.0),"Persons participating in formal/informal voluntary activities or active citizenship by income quintile, household composition and degree of urbanisation",A,Annual,AC42A,Informal voluntary activities,TOTAL,Total,TOTAL,Total,TOTAL,Total,PC,Percentage,AT,Austria,2015,,28.3,,,,,
dataflow,ESTAT:ILC_SCP20$DV_2747(1.0),"Persons participating in formal/informal voluntary activities or active citizenship by income quintile, household composition and degree of urbanisation",A,Annual,AC42A,Informal voluntary activities,TOTAL,Total,TOTAL,Total,TOTAL,Total,PC,Percentage,AT,Austria,2022,,13.4,,,,,
dataflow,ESTAT:ILC_SCP20$DV_2747(1.0),"Persons participating in formal/informal voluntary activities or active citizenship by income quintile, household composition and degree of urbanisation",A,Annual,AC42A,Informal voluntary activities,TOTAL,Total,TOTAL,Total,TOTAL,Total,PC,Percentage,BE,Belgium,2015,,20.8,,,,,
dataflow,ESTAT:ILC_SCP20$DV_2747(1.0),"Persons participating in formal/informal voluntary activities or active citizenship by income quintile, household composition and degree of urbanisation",A,Annual,AC42A,Informal voluntary activities,TOTAL,Total,TOTAL,Total,TOTAL,Total,PC,Percentage,BE,Belgium,2022,,11.8,,,,,
dataflow,ESTAT:ILC_SCP20$DV_2747(1.0),"Persons participating in formal/informal voluntary activities or active citizenship by income quintile, household composition and degree of urbanisation",A,Annual,AC42A,Informal voluntary activities,TOTAL,Total,TOTAL,Total,TOTAL,Total,PC,Percentage,BG,Bulgaria,2015,,6.3,,,,,
dataflow,ESTAT:ILC_SCP20$DV_2747(1.0),"Persons participating in formal/informal voluntary activities or active citizenship by income quintile, household composition and degree of urbanisation",A,Annual,AC42A,Informal voluntary activities,TOTAL,Total,TOTAL,Total,TOTAL,Total,PC,Percentage,BG,Bulgaria,2022,,2.4,,,,,
dataflow,ESTAT:ILC_SCP20$DV_2747(1.0),"Persons participating in formal/informal voluntary activities or active citizenship by income quintile, household composition and degree of urbanisation",A,Annual,AC42A,Informal voluntary activities,TOTAL,Total,TOTAL,Total,TOTAL,Total,PC,Percentage,CH,Switzerland,2015,,48.2,,,,,
dataflow,ESTAT:ILC_SCP20$DV_2747(1.0),"Persons participating in formal/informal voluntary activities or active citizenship by income quintile, household composition and degree of urbanisation",A,Annual,AC42A,Informal voluntary activities,TOTAL,Total,TOTAL,Total,TOTAL,Total,PC,Percentage,CH,Switzerland,2022,,29.2,,,,,
dataflow,ESTAT:ILC_SCP20$DV_2747(1.0),"Persons participating in formal/informal voluntary activities or active citizenship by income quintile, household composition and degree of urbanisation",A,Annual,AC42A,Informal voluntary activities,TOTAL,Total,TOTAL,Total,TOTAL,Total,PC,Percentage,CY,Cyprus,2015,,2.6,,,,,
dataflow,ESTAT:ILC_SCP20$DV_2747(1.0),"Persons participating in formal/informal voluntary activities or active citizenship by income quintile, household composition and degree of urbanisation",A,Annual,AC42A,Informal voluntary activities,TOTAL,Total,TOTAL,Total,TOTAL,Total,PC,Percentage,CY,Cyprus,2022,,25.2,,,,,
dataflow,ESTAT:ILC_SCP20$DV_2747(1.0),"Persons participating in formal/informal voluntary activities or active citizenship by income quintile, household composition and degree of urbanisation",A,Annual,AC42A,Informal voluntary activities,TOTAL,Total,TOTAL,Total,TOTAL,Total,PC,Percentage,CZ,Czechia,2015,,16.6,,,,,
dataflow,ESTAT:ILC_SCP20$DV_2747(1.0),"Persons participating in formal/informal voluntary activities or active citizenship by income quintile, household composition and degree of urbanisation",A,Annual,AC42A,Informal voluntary activities,TOTAL,Total,TOTAL,Total,TOTAL,Total,PC,Percentage,CZ,Czechia,2022,,12.2,,,,,
dataflow,ESTAT:ILC_SCP20$DV_2747(1.0),"Persons participating in formal/informal voluntary activities or active citizenship by income quintile, household composition and degree of urbanisation",A,Annual,AC42A,Informal voluntary activities,TOTAL,Total,TOTAL,Total,TOTAL,Total,PC,Percentage,DE,Germany,2015,,11.4,,,,,
dataflow,ESTAT:ILC_SCP20$DV_2747(1.0),"Persons participating in formal/informal voluntary activities or active citizenship by income quintile, household composition and degree of urbanisation",A,Annual,AC42A,Informal voluntary activities,TOTAL,Total,TOTAL,Total,TOTAL,Total,PC,Percentage,DE,Germany,2022,,,,u,low reliability,,
dataflow,ESTAT:ILC_SCP20$DV_2747(1.0),"Persons participating in formal/informal voluntary activities or active citizenship by income quintile, household composition and degree of urbanisation",A,Annual,AC42A,Informal voluntary activities,TOTAL,Total,TOTAL,Total,TOTAL,Total,PC,Percentage,DK,Denmark,2015,,41.5,,,,,
dataflow,ESTAT:ILC_SCP20$DV_2747(1.0),"Persons participating in formal/informal voluntary activities or active citizenship by income quintile, household composition and degree of urbanisation",A,Annual,AC42A,Informal voluntary activities,TOTAL,Total,TOTAL,Total,TOTAL,Total,PC,Percentage,DK,Denmark,2022,,23.3,,,,,
dataflow,ESTAT:ILC_SCP20$DV_2747(1.0),"Persons participating in formal/informal voluntary activities or active citizenship by income quintile, household composition and degree of urbanisation",A,Annual,AC42A,Informal voluntary activities,TOTAL,Total,TOTAL,Total,TOTAL,Total,PC,Percentage,EA20,Euro area – 20 countries (2023-2025),2022,,12.7,,e,estimated,,
dataflow,ESTAT:ILC_SCP20$DV_2747(1.0),"Persons participating in formal/informal voluntary activities or active citizenship by income quintile, household composition and degree of urbanisation",A,Annual,AC42A,Informal voluntary activities,TOTAL,Total,TOTAL,Total,TOTAL,Total,PC,Percentage,EE,Estonia,2015,,25.4,,,,,
dataflow,ESTAT:ILC_SCP20$DV_2747(1.0),"Persons participating in formal/informal voluntary activities or active citizenship by income quintile, household composition and degree of urbanisation",A,Annual,AC42A,Informal voluntary activities,TOTAL,Total,TOTAL,Total,TOTAL,Total,PC,Percentage,EE,Estonia,2022,,12.7,,,,,
dataflow,ESTAT:ILC_SCP20$DV_2747(1.0),"Persons participating in formal/informal voluntary activities or active citizenship by income quintile, household composition and degree of urbanisation",A,Annual,AC42A,Informal voluntary activities,TOTAL,Total,TOTAL,Total,TOTAL,Total,PC,Percentage,EL,Greece,2015,,14.4,,,,,
dataflow,ESTAT:ILC_SCP20$DV_2747(1.0),"Persons participating in formal/informal voluntary activities or active citizenship by income quintile, household composition and degree of urbanisation",A,Annual,AC42A,Informal voluntary activities,TOTAL,Total,TOTAL,Total,TOTAL,Total,PC,Percentage,EL,Greece,2022,,6.0,,,,,
dataflow,ESTAT:ILC_SCP20$DV_2747(1.0),"Persons participating in formal/informal voluntary activities or active citizenship by income quintile, household composition and degree of urbanisation",A,Annual,AC42A,Informal voluntary activities,TOTAL,Total,TOTAL,Total,TOTAL,Total,PC,Percentage,ES,Spain,2015,,10.6,,,,,
dataflow,ESTAT:ILC_SCP20$DV_2747(1.0),"Persons participating in formal/informal voluntary activities or active citizenship by income quintile, household composition and degree of urbanisation",A,Annual,AC42A,Informal voluntary activities,TOTAL,Total,TOTAL,Total,TOTAL,Total,PC,Percentage,ES,Spain,2022,,5.9,,,,,
dataflow,ESTAT:ILC_SCP20$DV_2747(1.0),"Persons participating in formal/informal voluntary activities or active citizenship by income quintile, household composition and degree of urbanisation",A,Annual,AC42A,Informal voluntary activities,TOTAL,Total,TOTAL,Total,TOTAL,Total,PC,Percentage,EU27_2020,European Union - 27 countries (from 2020),2015,,22.5,,,,,
dataflow,ESTAT:ILC_SCP20$DV_2747(1.0),"Persons participating in formal/informal voluntary activities or active citizenship by income quintile, household composition and degree of urbanisation",A,Annual,AC42A,Informal voluntary activities,TOTAL,Total,TOTAL,Total,TOTAL,Total,PC,Percentage,EU27_2020,European Union - 27 countries (from 2020),2022,,13.9,,e,estimated,,
dataflow,ESTAT:ILC_SCP20$DV_2747(1.0),"Persons participating in formal/informal voluntary activities or active citizenship by income quintile, household composition and degree of urbanisation",A,Annual,AC42A,Informal voluntary activities,TOTAL,Total,TOTAL,Total,TOTAL,Total,PC,Percentage,FI,Finland,2015,,74.0,,,,,
dataflow,ESTAT:ILC_SCP20$DV_2747(1.0),"Persons participating in formal/informal voluntary activities or active citizenship by income quintile, household composition and degree of urbanisation",A,Annual,AC42A,Informal voluntary activities,TOTAL,Total,TOTAL,Total,TOTAL,Total,PC,Percentage,FR,France,2015,,23.3,,,,,
dataflow,ESTAT:ILC_SCP20$DV_2747(1.0),"Persons participating in formal/informal voluntary activities or active citizenship by income quintile, household composition and degree of urbanisation",A,Annual,AC42A,Informal voluntary activities,TOTAL,Total,TOTAL,Total,TOTAL,Total,PC,Percentage,FR,France,2022,,11.1,,,,,
dataflow,ESTAT:ILC_SCP20$DV_2747(1.0),"Persons participating in formal/informal voluntary activities or active citizenship by income quintile, household composition and degree of urbanisation",A,Annual,AC42A,Informal voluntary activities,TOTAL,Total,TOTAL,Total,TOTAL,Total,PC,Percentage,HR,Croatia,2015,,17.2,,,,,
dataflow,ESTAT:ILC_SCP20$DV_2747(1.0),"Persons participating in formal/informal voluntary activities or active citizenship by income quintile, household composition and degree of urbanisation",A,Annual,AC42A,Informal voluntary activities,TOTAL,Total,TOTAL,Total,TOTAL,Total,PC,Percentage,HR,Croatia,2022,,9.1,,,,,
dataflow,ESTAT:ILC_SCP20$DV_2747(1.0),"Persons participating in formal/informal voluntary activities or active citizenship by income quintile, household composition and degree of urbanisation",A,Annual,AC42A,Informal voluntary activities,TOTAL,Total,TOTAL,Total,TOTAL,Total,PC,Percentage,HU,Hungary,2015,,7.8,,,,,
dataflow,ESTAT:ILC_SCP20$DV_2747(1.0),"Persons participating in formal/informal voluntary activities or active citizenship by income quintile, household composition and degree of urbanisation",A,Annual,AC42A,Informal voluntary activities,TOTAL,Total,TOTAL,Total,TOTAL,Total,PC,Percentage,HU,Hungary,2022,,10.1,,,,,
dataflow,ESTAT:ILC_SCP20$DV_2747(1.0),"Persons participating in formal/informal voluntary activities or active citizenship by income quintile, household composition and degree of urbanisation",A,Annual,AC42A,Informal voluntary activities,TOTAL,Total,TOTAL,Total,TOTAL,Total,PC,Percentage,IE,Ireland,2015,,37.3,,u,low reliability,,
dataflow,ESTAT:ILC_SCP20$DV_2747(1.0),"Persons participating in formal/informal voluntary activities or active citizenship by income quintile, household composition and degree of urbanisation",A,Annual,AC42A,Informal voluntary activities,TOTAL,Total,TOTAL,Total,TOTAL,Total,PC,Percentage,IE,Ireland,2022,,16.5,,,,,
dataflow,ESTAT:ILC_SCP20$DV_2747(1.0),"Persons participating in formal/informal voluntary activities or active citizenship by income quintile, household composition and degree of urbanisation",A,Annual,AC42A,Informal voluntary activities,TOTAL,Total,TOTAL,Total,TOTAL,Total,PC,Percentage,IS,Iceland,2015,,64.7,,,,,
dataflow,ESTAT:ILC_SCP20$DV_2747(1.0),"Persons participating in formal/informal voluntary activities or active citizenship by income quintile, household composition and degree of urbanisation",A,Annual,AC42A,Informal voluntary activities,TOTAL,Total,TOTAL,Total,TOTAL,Total,PC,Percentage,IT,Italy,2015,,11.2,,,,,
dataflow,ESTAT:ILC_SCP20$DV_2747(1.0),"Persons participating in formal/informal voluntary activities or active citizenship by income quintile, household composition and degree of urbanisation",A,Annual,AC42A,Informal voluntary activities,TOTAL,Total,TOTAL,Total,TOTAL,Total,PC,Percentage,IT,Italy,2022,,4.2,,,,,
dataflow,ESTAT:ILC_SCP20$DV_2747(1.0),"Persons participating in formal/informal voluntary activities or active citizenship by income quintile, household composition and degree of urbanisation",A,Annual,AC42A,Informal voluntary activities,TOTAL,Total,TOTAL,Total,TOTAL,Total,PC,Percentage,LT,Lithuania,2015,,16.3,,,,,
dataflow,ESTAT:ILC_SCP20$DV_2747(1.0),"Persons participating in formal/informal voluntary activities or active citizenship by income quintile, household composition and degree of urbanisation",A,Annual,AC42A,Informal voluntary activities,TOTAL,Total,TOTAL,Total,TOTAL,Total,PC,Percentage,LT,Lithuania,2022,,9.5,,,,,
dataflow,ESTAT:ILC_SCP20$DV_2747(1.0),"Persons participating in formal/informal voluntary activities or active citizenship by income quintile, household composition and degree of urbanisation",A,Annual,AC42A,Informal voluntary activities,TOTAL,Total,TOTAL,Total,TOTAL,Total,PC,Percentage,LU,Luxembourg,2015,,30.3,,,,,
dataflow,ESTAT:ILC_SCP20$DV_2747(1.0),"Persons participating in formal/informal voluntary activities or active citizenship by income quintile, household composition and degree of urbanisation",A,Annual,AC42A,Informal voluntary activities,TOTAL,Total,TOTAL,Total,TOTAL,Total,PC,Percentage,LU,Luxembourg,2022,,10.2,,,,,
dataflow,ESTAT:ILC_SCP20$DV_2747(1.0),"Persons participating in formal/informal voluntary activities or active citizenship by income quintile, household composition and degree of urbanisation",A,Annual,AC42A,Informal voluntary activities,TOTAL,Total,TOTAL,Total,TOTAL,Total,PC,Percentage,LV,Latvia,2015,,28.3,,,,,
dataflow,ESTAT:ILC_SCP20$DV_2747(1.0),"Persons participating in formal/informal voluntary activities or active citizenship by income quintile, household composition and degree of urbanisation",A,Annual,AC42A,Informal voluntary activities,TOTAL,Total,TOTAL,Total,TOTAL,Total,PC,Percentage,LV,Latvia,2022,,13.4,,,,,
dataflow,ESTAT:ILC_SCP20$DV_2747(1.0),"Persons participating in formal/informal voluntary activities or active citizenship by income quintile, household composition and degree of urbanisation",A,Annual,AC42A,Informal voluntary activities,TOTAL,Total,TOTAL,Total,TOTAL,Total,PC,Percentage,MT,Malta,2015,,0.9,,,,,
dataflow,ESTAT:ILC_SCP20$DV_2747(1.0),"Persons participating in formal/informal voluntary activities or active citizenship by income quintile, household composition and degree of urbanisation",A,Annual,AC42A,Informal voluntary activities,TOTAL,Total,TOTAL,Total,TOTAL,Total,PC,Percentage,MT,Malta,2022,,8.7,,,,,
dataflow,ESTAT:ILC_SCP20$DV_2747(1.0),"Persons participating in formal/informal voluntary activities or active citizenship by income quintile, household composition and degree of urbanisation",A,Annual,AC42A,Informal voluntary activities,TOTAL,Total,TOTAL,Total,TOTAL,Total,PC,Percentage,NL,Netherlands,2015,,82.3,,,,,
dataflow,ESTAT:ILC_SCP20$DV_2747(1.0),"Persons participating in formal/informal voluntary activities or active citizenship by income quintile, household composition and degree of urbanisation",A,Annual,AC42A,Informal voluntary activities,TOTAL,Total,TOTAL,Total,TOTAL,Total,PC,Percentage,NL,Netherlands,2022,,73.5,,,,,
dataflow,ESTAT:ILC_SCP20$DV_2747(1.0),"Persons participating in formal/informal voluntary activities or active citizenship by income quintile, household composition and degree of urbanisation",A,Annual,AC42A,Informal voluntary activities,TOTAL,Total,TOTAL,Total,TOTAL,Total,PC,Percentage,NO,Norway,2015,,74.5,,,,,
dataflow,ESTAT:ILC_SCP20$DV_2747(1.0),"Persons participating in formal/informal voluntary activities or active citizenship by income quintile, household composition and degree of urbanisation",A,Annual,AC42A,Informal voluntary activities,TOTAL,Total,TOTAL,Total,TOTAL,Total,PC,Percentage,NO,Norway,2022,,79.7,,,,,
dataflow,ESTAT:ILC_SCP20$DV_2747(1.0),"Persons participating in formal/informal voluntary activities or active citizenship by income quintile, household composition and degree of urbanisation",A,Annual,AC42A,Informal voluntary activities,TOTAL,Total,TOTAL,Total,TOTAL,Total,PC,Percentage,PL,Poland,2015,,50.6,,u,low reliability,,
dataflow,ESTAT:ILC_SCP20$DV_2747(1.0),"Persons participating in formal/informal voluntary activities or active citizenship by income quintile, household composition and degree of urbanisation",A,Annual,AC42A,Informal voluntary activities,TOTAL,Total,TOTAL,Total,TOTAL,Total,PC,Percentage,PL,Poland,2022,,22.1,,,,,
dataflow,ESTAT:ILC_SCP20$DV_2747(1.0),"Persons participating in formal/informal voluntary activities or active citizenship by income quintile, household composition and degree of urbanisation",A,Annual,AC42A,Informal voluntary activities,TOTAL,Total,TOTAL,Total,TOTAL,Total,PC,Percentage,PT,Portugal,2015,,20.5,,,,,
dataflow,ESTAT:ILC_SCP20$DV_2747(1.0),"Persons participating in formal/informal voluntary activities or active citizenship by income quintile, household composition and degree of urbanisation",A,Annual,AC42A,Informal voluntary activities,TOTAL,Total,TOTAL,Total,TOTAL,Total,PC,Percentage,PT,Portugal,2022,,13.4,,,,,
dataflow,ESTAT:ILC_SCP20$DV_2747(1.0),"Persons participating in formal/informal voluntary activities or active citizenship by income quintile, household composition and degree of urbanisation",A,Annual,AC42A,Informal voluntary activities,TOTAL,Total,TOTAL,Total,TOTAL,Total,PC,Percentage,RO,Romania,2015,,3.2,,,,,
dataflow,ESTAT:ILC_SCP20$DV_2747(1.0),"Persons participating in formal/informal voluntary activities or active citizenship by income quintile, household composition and degree of urbanisation",A,Annual,AC42A,Informal voluntary activities,TOTAL,Total,TOTAL,Total,TOTAL,Total,PC,Percentage,RO,Romania,2022,,4.2,,,,,
dataflow,ESTAT:ILC_SCP20$DV_2747(1.0),"Persons participating in formal/informal voluntary activities or active citizenship by income quintile, household composition and degree of urbanisation",A,Annual,AC42A,Informal voluntary activities,TOTAL,Total,TOTAL,Total,TOTAL,Total,PC,Percentage,RS,Serbia,2015,,12.4,,,,,
dataflow,ESTAT:ILC_SCP20$DV_2747(1.0),"Persons participating in formal/informal voluntary activities or active citizenship by income quintile, household composition and degree of urbanisation",A,Annual,AC42A,Informal voluntary activities,TOTAL,Total,TOTAL,Total,TOTAL,Total,PC,Percentage,RS,Serbia,2022,,7.6,,,,,
dataflow,ESTAT:ILC_SCP20$DV_2747(1.0),"Persons participating in formal/informal voluntary activities or active citizenship by income quintile, household composition and degree of urbanisation",A,Annual,AC42A,Informal voluntary activities,TOTAL,Total,TOTAL,Total,TOTAL,Total,PC,Percentage,SE,Sweden,2015,,70.0,,,,,
dataflow,ESTAT:ILC_SCP20$DV_2747(1.0),"Persons participating in formal/informal voluntary activities or active citizenship by income quintile, household composition and degree of urbanisation",A,Annual,AC42A,Informal voluntary activities,TOTAL,Total,TOTAL,Total,TOTAL,Total,PC,Percentage,SE,Sweden,2022,,48.6,,,,,
dataflow,ESTAT:ILC_SCP20$DV_2747(1.0),"Persons participating in formal/informal voluntary activities or active citizenship by income quintile, household composition and degree of urbanisation",A,Annual,AC42A,Informal voluntary activities,TOTAL,Total,TOTAL,Total,TOTAL,Total,PC,Percentage,SI,Slovenia,2015,,54.6,,,,,
dataflow,ESTAT:ILC_SCP20$DV_2747(1.0),"Persons participating in formal/informal voluntary activities or active citizenship by income quintile, household composition and degree of urbanisation",A,Annual,AC42A,Informal voluntary activities,TOTAL,Total,TOTAL,Total,TOTAL,Total,PC,Percentage,SI,Slovenia,2022,,32.7,,,,,
dataflow,ESTAT:ILC_SCP20$DV_2747(1.0),"Persons participating in formal/informal voluntary activities or active citizenship by income quintile, household composition and degree of urbanisation",A,Annual,AC42A,Informal voluntary activities,TOTAL,Total,TOTAL,Total,TOTAL,Total,PC,Percentage,SK,Slovakia,2015,,18.8,,,,,
dataflow,ESTAT:ILC_SCP20$DV_2747(1.0),"Persons participating in formal/informal voluntary activities or active citizenship by income quintile, household composition and degree of urbanisation",A,Annual,AC42A,Informal voluntary activities,TOTAL,Total,TOTAL,Total,TOTAL,Total,PC,Percentage,SK,Slovakia,2022,,10.6,,,,,
dataflow,ESTAT:ILC_SCP20$DV_2747(1.0),"Persons participating in formal/informal voluntary activities or active citizenship by income quintile, household composition and degree of urbanisation",A,Annual,AC42A,Informal voluntary activities,TOTAL,Total,TOTAL,Total,TOTAL,Total,PC,Percentage,UK,United Kingdom,2015,,19.4,,u,low reliability,,
dataflow,ESTAT:ILC_SCP20$DV_2747(1.0),"Persons participating in formal/informal voluntary activities or active citizenship by income quintile, household composition and degree of urbanisation",A,Annual,AC43A,Active citizenship,TOTAL,Total,TOTAL,Total,TOTAL,Total,PC,Percentage,AL,Albania,2022,,5.8,,,,,
dataflow,ESTAT:ILC_SCP20$DV_2747(1.0),"Persons participating in formal/informal voluntary activities or active citizenship by income quintile, household composition and degree of urbanisation",A,Annual,AC43A,Active citizenship,TOTAL,Total,TOTAL,Total,TOTAL,Total,PC,Percentage,AT,Austria,2015,,11.9,,,,,
dataflow,ESTAT:ILC_SCP20$DV_2747(1.0),"Persons participating in formal/informal voluntary activities or active citizenship by income quintile, household composition and degree of urbanisation",A,Annual,AC43A,Active citizenship,TOTAL,Total,TOTAL,Total,TOTAL,Total,PC,Percentage,AT,Austria,2022,,12.0,,,,,
dataflow,ESTAT:ILC_SCP20$DV_2747(1.0),"Persons participating in formal/informal voluntary activities or active citizenship by income quintile, household composition and degree of urbanisation",A,Annual,AC43A,Active citizenship,TOTAL,Total,TOTAL,Total,TOTAL,Total,PC,Percentage,BE,Belgium,2015,,4.9,,,,,
dataflow,ESTAT:ILC_SCP20$DV_2747(1.0),"Persons participating in formal/informal voluntary activities or active citizenship by income quintile, household composition and degree of urbanisation",A,Annual,AC43A,Active citizenship,TOTAL,Total,TOTAL,Total,TOTAL,Total,PC,Percentage,BE,Belgium,2022,,5.4,,,,,
dataflow,ESTAT:ILC_SCP20$DV_2747(1.0),"Persons participating in formal/informal voluntary activities or active citizenship by income quintile, household composition and degree of urbanisation",A,Annual,AC43A,Active citizenship,TOTAL,Total,TOTAL,Total,TOTAL,Total,PC,Percentage,BG,Bulgaria,2015,,3.7,,,,,
dataflow,ESTAT:ILC_SCP20$DV_2747(1.0),"Persons participating in formal/informal voluntary activities or active citizenship by income quintile, household composition and degree of urbanisation",A,Annual,AC43A,Active citizenship,TOTAL,Total,TOTAL,Total,TOTAL,Total,PC,Percentage,BG,Bulgaria,2022,,1.9,,,,,
dataflow,ESTAT:ILC_SCP20$DV_2747(1.0),"Persons participating in formal/informal voluntary activities or active citizenship by income quintile, household composition and degree of urbanisation",A,Annual,AC43A,Active citizenship,TOTAL,Total,TOTAL,Total,TOTAL,Total,PC,Percentage,CH,Switzerland,2015,,26.9,,,,,
dataflow,ESTAT:ILC_SCP20$DV_2747(1.0),"Persons participating in formal/informal voluntary activities or active citizenship by income quintile, household composition and degree of urbanisation",A,Annual,AC43A,Active citizenship,TOTAL,Total,TOTAL,Total,TOTAL,Total,PC,Percentage,CH,Switzerland,2022,,26.0,,,,,
dataflow,ESTAT:ILC_SCP20$DV_2747(1.0),"Persons participating in formal/informal voluntary activities or active citizenship by income quintile, household composition and degree of urbanisation",A,Annual,AC43A,Active citizenship,TOTAL,Total,TOTAL,Total,TOTAL,Total,PC,Percentage,CY,Cyprus,2015,,2.1,,,,,
dataflow,ESTAT:ILC_SCP20$DV_2747(1.0),"Persons participating in formal/informal voluntary activities or active citizenship by income quintile, household composition and degree of urbanisation",A,Annual,AC43A,Active citizenship,TOTAL,Total,TOTAL,Total,TOTAL,Total,PC,Percentage,CY,Cyprus,2022,,2.1,,,,,
dataflow,ESTAT:ILC_SCP20$DV_2747(1.0),"Persons participating in formal/informal voluntary activities or active citizenship by income quintile, household composition and degree of urbanisation",A,Annual,AC43A,Active citizenship,TOTAL,Total,TOTAL,Total,TOTAL,Total,PC,Percentage,CZ,Czechia,2015,,4.2,,,,,
dataflow,ESTAT:ILC_SCP20$DV_2747(1.0),"Persons participating in formal/informal voluntary activities or active citizenship by income quintile, household composition and degree of urbanisation",A,Annual,AC43A,Active citizenship,TOTAL,Total,TOTAL,Total,TOTAL,Total,PC,Percentage,CZ,Czechia,2022,,5.2,,,,,
dataflow,ESTAT:ILC_SCP20$DV_2747(1.0),"Persons participating in formal/informal voluntary activities or active citizenship by income quintile, household composition and degree of urbanisation",A,Annual,AC43A,Active citizenship,TOTAL,Total,TOTAL,Total,TOTAL,Total,PC,Percentage,DE,Germany,2015,,13.9,,,,,
dataflow,ESTAT:ILC_SCP20$DV_2747(1.0),"Persons participating in formal/informal voluntary activities or active citizenship by income quintile, household composition and degree of urbanisation",A,Annual,AC43A,Active citizenship,TOTAL,Total,TOTAL,Total,TOTAL,Total,PC,Percentage,DE,Germany,2022,,,,u,low reliability,,
dataflow,ESTAT:ILC_SCP20$DV_2747(1.0),"Persons participating in formal/informal voluntary activities or active citizenship by income quintile, household composition and degree of urbanisation",A,Annual,AC43A,Active citizenship,TOTAL,Total,TOTAL,Total,TOTAL,Total,PC,Percentage,DK,Denmark,2015,,9.3,,,,,
dataflow,ESTAT:ILC_SCP20$DV_2747(1.0),"Persons participating in formal/informal voluntary activities or active citizenship by income quintile, household composition and degree of urbanisation",A,Annual,AC43A,Active citizenship,TOTAL,Total,TOTAL,Total,TOTAL,Total,PC,Percentage,DK,Denmark,2022,,9.8,,,,,
dataflow,ESTAT:ILC_SCP20$DV_2747(1.0),"Persons participating in formal/informal voluntary activities or active citizenship by income quintile, household composition and degree of urbanisation",A,Annual,AC43A,Active citizenship,TOTAL,Total,TOTAL,Total,TOTAL,Total,PC,Percentage,EA20,Euro area – 20 countries (2023-2025),2022,,7.7,,e,estimated,,
dataflow,ESTAT:ILC_SCP20$DV_2747(1.0),"Persons participating in formal/informal voluntary activities or active citizenship by income quintile, household composition and degree of urbanisation",A,Annual,AC43A,Active citizenship,TOTAL,Total,TOTAL,Total,TOTAL,Total,PC,Percentage,EE,Estonia,2015,,8.7,,,,,
dataflow,ESTAT:ILC_SCP20$DV_2747(1.0),"Persons participating in formal/informal voluntary activities or active citizenship by income quintile, household composition and degree of urbanisation",A,Annual,AC43A,Active citizenship,TOTAL,Total,TOTAL,Total,TOTAL,Total,PC,Percentage,EE,Estonia,2022,,7.7,,,,,
dataflow,ESTAT:ILC_SCP20$DV_2747(1.0),"Persons participating in formal/informal voluntary activities or active citizenship by income quintile, household composition and degree of urbanisation",A,Annual,AC43A,Active citizenship,TOTAL,Total,TOTAL,Total,TOTAL,Total,PC,Percentage,EL,Greece,2015,,8.4,,,,,
dataflow,ESTAT:ILC_SCP20$DV_2747(1.0),"Persons participating in formal/informal voluntary activities or active citizenship by income quintile, household composition and degree of urbanisation",A,Annual,AC43A,Active citizenship,TOTAL,Total,TOTAL,Total,TOTAL,Total,PC,Percentage,EL,Greece,2022,,6.3,,,,,
dataflow,ESTAT:ILC_SCP20$DV_2747(1.0),"Persons participating in formal/informal voluntary activities or active citizenship by income quintile, household composition and degree of urbanisation",A,Annual,AC43A,Active citizenship,TOTAL,Total,TOTAL,Total,TOTAL,Total,PC,Percentage,ES,Spain,2015,,7.9,,,,,
dataflow,ESTAT:ILC_SCP20$DV_2747(1.0),"Persons participating in formal/informal voluntary activities or active citizenship by income quintile, household composition and degree of urbanisation",A,Annual,AC43A,Active citizenship,TOTAL,Total,TOTAL,Total,TOTAL,Total,PC,Percentage,ES,Spain,2022,,5.6,,,,,
dataflow,ESTAT:ILC_SCP20$DV_2747(1.0),"Persons participating in formal/informal voluntary activities or active citizenship by income quintile, household composition and degree of urbanisation",A,Annual,AC43A,Active citizenship,TOTAL,Total,TOTAL,Total,TOTAL,Total,PC,Percentage,EU27_2020,European Union - 27 countries (from 2020),2015,,12.1,,,,,
dataflow,ESTAT:ILC_SCP20$DV_2747(1.0),"Persons participating in formal/informal voluntary activities or active citizenship by income quintile, household composition and degree of urbanisation",A,Annual,AC43A,Active citizenship,TOTAL,Total,TOTAL,Total,TOTAL,Total,PC,Percentage,EU27_2020,European Union - 27 countries (from 2020),2022,,7.2,,e,estimated,,
dataflow,ESTAT:ILC_SCP20$DV_2747(1.0),"Persons participating in formal/informal voluntary activities or active citizenship by income quintile, household composition and degree of urbanisation",A,Annual,AC43A,Active citizenship,TOTAL,Total,TOTAL,Total,TOTAL,Total,PC,Percentage,FI,Finland,2015,,23.9,,,,,
dataflow,ESTAT:ILC_SCP20$DV_2747(1.0),"Persons participating in formal/informal voluntary activities or active citizenship by income quintile, household composition and degree of urbanisation",A,Annual,AC43A,Active citizenship,TOTAL,Total,TOTAL,Total,TOTAL,Total,PC,Percentage,FR,France,2015,,24.8,,,,,
dataflow,ESTAT:ILC_SCP20$DV_2747(1.0),"Persons participating in formal/informal voluntary activities or active citizenship by income quintile, household composition and degree of urbanisation",A,Annual,AC43A,Active citizenship,TOTAL,Total,TOTAL,Total,TOTAL,Total,PC,Percentage,FR,France,2022,,11.9,,,,,
dataflow,ESTAT:ILC_SCP20$DV_2747(1.0),"Persons participating in formal/informal voluntary activities or active citizenship by income quintile, household composition and degree of urbanisation",A,Annual,AC43A,Active citizenship,TOTAL,Total,TOTAL,Total,TOTAL,Total,PC,Percentage,HR,Croatia,2015,,5.7,,,,,
dataflow,ESTAT:ILC_SCP20$DV_2747(1.0),"Persons participating in formal/informal voluntary activities or active citizenship by income quintile, household composition and degree of urbanisation",A,Annual,AC43A,Active citizenship,TOTAL,Total,TOTAL,Total,TOTAL,Total,PC,Percentage,HR,Croatia,2022,,2.9,,,,,
dataflow,ESTAT:ILC_SCP20$DV_2747(1.0),"Persons participating in formal/informal voluntary activities or active citizenship by income quintile, household composition and degree of urbanisation",A,Annual,AC43A,Active citizenship,TOTAL,Total,TOTAL,Total,TOTAL,Total,PC,Percentage,HU,Hungary,2015,,4.7,,,,,
dataflow,ESTAT:ILC_SCP20$DV_2747(1.0),"Persons participating in formal/informal voluntary activities or active citizenship by income quintile, household composition and degree of urbanisation",A,Annual,AC43A,Active citizenship,TOTAL,Total,TOTAL,Total,TOTAL,Total,PC,Percentage,HU,Hungary,2022,,3.6,,,,,
dataflow,ESTAT:ILC_SCP20$DV_2747(1.0),"Persons participating in formal/informal voluntary activities or active citizenship by income quintile, household composition and degree of urbanisation",A,Annual,AC43A,Active citizenship,TOTAL,Total,TOTAL,Total,TOTAL,Total,PC,Percentage,IE,Ireland,2015,,12.8,,u,low reliability,,
dataflow,ESTAT:ILC_SCP20$DV_2747(1.0),"Persons participating in formal/informal voluntary activities or active citizenship by income quintile, household composition and degree of urbanisation",A,Annual,AC43A,Active citizenship,TOTAL,Total,TOTAL,Total,TOTAL,Total,PC,Percentage,IE,Ireland,2022,,7.5,,,,,
dataflow,ESTAT:ILC_SCP20$DV_2747(1.0),"Persons participating in formal/informal voluntary activities or active citizenship by income quintile, household composition and degree of urbanisation",A,Annual,AC43A,Active citizenship,TOTAL,Total,TOTAL,Total,TOTAL,Total,PC,Percentage,IS,Iceland,2015,,24.8,,,,,
dataflow,ESTAT:ILC_SCP20$DV_2747(1.0),"Persons participating in formal/informal voluntary activities or active citizenship by income quintile, household composition and degree of urbanisation",A,Annual,AC43A,Active citizenship,TOTAL,Total,TOTAL,Total,TOTAL,Total,PC,Percentage,IT,Italy,2015,,6.3,,,,,
dataflow,ESTAT:ILC_SCP20$DV_2747(1.0),"Persons participating in formal/informal voluntary activities or active citizenship by income quintile, household composition and degree of urbanisation",A,Annual,AC43A,Active citizenship,TOTAL,Total,TOTAL,Total,TOTAL,Total,PC,Percentage,IT,Italy,2022,,2.2,,,,,
dataflow,ESTAT:ILC_SCP20$DV_2747(1.0),"Persons participating in formal/informal voluntary activities or active citizenship by income quintile, household composition and degree of urbanisation",A,Annual,AC43A,Active citizenship,TOTAL,Total,TOTAL,Total,TOTAL,Total,PC,Percentage,LT,Lithuania,2015,,6.3,,,,,
dataflow,ESTAT:ILC_SCP20$DV_2747(1.0),"Persons participating in formal/informal voluntary activities or active citizenship by income quintile, household composition and degree of urbanisation",A,Annual,AC43A,Active citizenship,TOTAL,Total,TOTAL,Total,TOTAL,Total,PC,Percentage,LT,Lithuania,2022,,5.7,,,,,
dataflow,ESTAT:ILC_SCP20$DV_2747(1.0),"Persons participating in formal/informal voluntary activities or active citizenship by income quintile, household composition and degree of urbanisation",A,Annual,AC43A,Active citizenship,TOTAL,Total,TOTAL,Total,TOTAL,Total,PC,Percentage,LU,Luxembourg,2015,,17.1,,,,,
dataflow,ESTAT:ILC_SCP20$DV_2747(1.0),"Persons participating in formal/informal voluntary activities or active citizenship by income quintile, household composition and degree of urbanisation",A,Annual,AC43A,Active citizenship,TOTAL,Total,TOTAL,Total,TOTAL,Total,PC,Percentage,LU,Luxembourg,2022,,21.6,,,,,
dataflow,ESTAT:ILC_SCP20$DV_2747(1.0),"Persons participating in formal/informal voluntary activities or active citizenship by income quintile, household composition and degree of urbanisation",A,Annual,AC43A,Active citizenship,TOTAL,Total,TOTAL,Total,TOTAL,Total,PC,Percentage,LV,Latvia,2015,,5.6,,,,,
dataflow,ESTAT:ILC_SCP20$DV_2747(1.0),"Persons participating in formal/informal voluntary activities or active citizenship by income quintile, household composition and degree of urbanisation",A,Annual,AC43A,Active citizenship,TOTAL,Total,TOTAL,Total,TOTAL,Total,PC,Percentage,LV,Latvia,2022,,3.3,,,,,
dataflow,ESTAT:ILC_SCP20$DV_2747(1.0),"Persons participating in formal/informal voluntary activities or active citizenship by income quintile, household composition and degree of urbanisation",A,Annual,AC43A,Active citizenship,TOTAL,Total,TOTAL,Total,TOTAL,Total,PC,Percentage,MT,Malta,2015,,9.8,,,,,
dataflow,ESTAT:ILC_SCP20$DV_2747(1.0),"Persons participating in formal/informal voluntary activities or active citizenship by income quintile, household composition and degree of urbanisation",A,Annual,AC43A,Active citizenship,TOTAL,Total,TOTAL,Total,TOTAL,Total,PC,Percentage,MT,Malta,2022,,9.0,,,,,
dataflow,ESTAT:ILC_SCP20$DV_2747(1.0),"Persons participating in formal/informal voluntary activities or active citizenship by income quintile, household composition and degree of urbanisation",A,Annual,AC43A,Active citizenship,TOTAL,Total,TOTAL,Total,TOTAL,Total,PC,Percentage,NL,Netherlands,2015,,25.2,,,,,
dataflow,ESTAT:ILC_SCP20$DV_2747(1.0),"Persons participating in formal/informal voluntary activities or active citizenship by income quintile, household composition and degree of urbanisation",A,Annual,AC43A,Active citizenship,TOTAL,Total,TOTAL,Total,TOTAL,Total,PC,Percentage,NL,Netherlands,2022,,17.8,,,,,
dataflow,ESTAT:ILC_SCP20$DV_2747(1.0),"Persons participating in formal/informal voluntary activities or active citizenship by income quintile, household composition and degree of urbanisation",A,Annual,AC43A,Active citizenship,TOTAL,Total,TOTAL,Total,TOTAL,Total,PC,Percentage,NO,Norway,2015,,16.2,,,,,
dataflow,ESTAT:ILC_SCP20$DV_2747(1.0),"Persons participating in formal/informal voluntary activities or active citizenship by income quintile, household composition and degree of urbanisation",A,Annual,AC43A,Active citizenship,TOTAL,Total,TOTAL,Total,TOTAL,Total,PC,Percentage,NO,Norway,2022,,39.3,,,,,
dataflow,ESTAT:ILC_SCP20$DV_2747(1.0),"Persons participating in formal/informal voluntary activities or active citizenship by income quintile, household composition and degree of urbanisation",A,Annual,AC43A,Active citizenship,TOTAL,Total,TOTAL,Total,TOTAL,Total,PC,Percentage,PL,Poland,2015,,7.3,,u,low reliability,,
dataflow,ESTAT:ILC_SCP20$DV_2747(1.0),"Persons participating in formal/informal voluntary activities or active citizenship by income quintile, household composition and degree of urbanisation",A,Annual,AC43A,Active citizenship,TOTAL,Total,TOTAL,Total,TOTAL,Total,PC,Percentage,PL,Poland,2022,,3.6,,,,,
dataflow,ESTAT:ILC_SCP20$DV_2747(1.0),"Persons participating in formal/informal voluntary activities or active citizenship by income quintile, household composition and degree of urbanisation",A,Annual,AC43A,Active citizenship,TOTAL,Total,TOTAL,Total,TOTAL,Total,PC,Percentage,PT,Portugal,2015,,9.9,,,,,
dataflow,ESTAT:ILC_SCP20$DV_2747(1.0),"Persons participating in formal/informal voluntary activities or active citizenship by income quintile, household composition and degree of urbanisation",A,Annual,AC43A,Active citizenship,TOTAL,Total,TOTAL,Total,TOTAL,Total,PC,Percentage,PT,Portugal,2022,,9.3,,,,,
dataflow,ESTAT:ILC_SCP20$DV_2747(1.0),"Persons participating in formal/informal voluntary activities or active citizenship by income quintile, household composition and degree of urbanisation",A,Annual,AC43A,Active citizenship,TOTAL,Total,TOTAL,Total,TOTAL,Total,PC,Percentage,RO,Romania,2015,,3.6,,,,,
dataflow,ESTAT:ILC_SCP20$DV_2747(1.0),"Persons participating in formal/informal voluntary activities or active citizenship by income quintile, household composition and degree of urbanisation",A,Annual,AC43A,Active citizenship,TOTAL,Total,TOTAL,Total,TOTAL,Total,PC,Percentage,RO,Romania,2022,,3.1,,,,,
dataflow,ESTAT:ILC_SCP20$DV_2747(1.0),"Persons participating in formal/informal voluntary activities or active citizenship by income quintile, household composition and degree of urbanisation",A,Annual,AC43A,Active citizenship,TOTAL,Total,TOTAL,Total,TOTAL,Total,PC,Percentage,RS,Serbia,2015,,4.0,,,,,
dataflow,ESTAT:ILC_SCP20$DV_2747(1.0),"Persons participating in formal/informal voluntary activities or active citizenship by income quintile, household composition and degree of urbanisation",A,Annual,AC43A,Active citizenship,TOTAL,Total,TOTAL,Total,TOTAL,Total,PC,Percentage,RS,Serbia,2022,,4.0,,,,,
dataflow,ESTAT:ILC_SCP20$DV_2747(1.0),"Persons participating in formal/informal voluntary activities or active citizenship by income quintile, household composition and degree of urbanisation",A,Annual,AC43A,Active citizenship,TOTAL,Total,TOTAL,Total,TOTAL,Total,PC,Percentage,SE,Sweden,2015,,31.1,,,,,
dataflow,ESTAT:ILC_SCP20$DV_2747(1.0),"Persons participating in formal/informal voluntary activities or active citizenship by income quintile, household composition and degree of urbanisation",A,Annual,AC43A,Active citizenship,TOTAL,Total,TOTAL,Total,TOTAL,Total,PC,Percentage,SE,Sweden,2022,,20.0,,,,,
dataflow,ESTAT:ILC_SCP20$DV_2747(1.0),"Persons participating in formal/informal voluntary activities or active citizenship by income quintile, household composition and degree of urbanisation",A,Annual,AC43A,Active citizenship,TOTAL,Total,TOTAL,Total,TOTAL,Total,PC,Percentage,SI,Slovenia,2015,,9.8,,,,,
dataflow,ESTAT:ILC_SCP20$DV_2747(1.0),"Persons participating in formal/informal voluntary activities or active citizenship by income quintile, household composition and degree of urbanisation",A,Annual,AC43A,Active citizenship,TOTAL,Total,TOTAL,Total,TOTAL,Total,PC,Percentage,SI,Slovenia,2022,,7.7,,,,,
dataflow,ESTAT:ILC_SCP20$DV_2747(1.0),"Persons participating in formal/informal voluntary activities or active citizenship by income quintile, household composition and degree of urbanisation",A,Annual,AC43A,Active citizenship,TOTAL,Total,TOTAL,Total,TOTAL,Total,PC,Percentage,SK,Slovakia,2015,,2.8,,,,,
dataflow,ESTAT:ILC_SCP20$DV_2747(1.0),"Persons participating in formal/informal voluntary activities or active citizenship by income quintile, household composition and degree of urbanisation",A,Annual,AC43A,Active citizenship,TOTAL,Total,TOTAL,Total,TOTAL,Total,PC,Percentage,SK,Slovakia,2022,,4.1,,,,,
dataflow,ESTAT:ILC_SCP20$DV_2747(1.0),"Persons participating in formal/informal voluntary activities or active citizenship by income quintile, household composition and degree of urbanisation",A,Annual,AC43A,Active citizenship,TOTAL,Total,TOTAL,Total,TOTAL,Total,PC,Percentage,UK,United Kingdom,2015,,20.3,,u,low reliability,,
