Country Code,year,Expenditure,Completion Rate: Primary Education,Completion Rate: Lower Secondary Education,Completion Rate: Upper Secondary Education
ALB,2000,10.13702964782715,95.19,92.87,46.58
ALB,2001,10.58193016052246,,,
ALB,2002,9.886919975280762,,,
ALB,2003,10.57359981536865,,,
ALB,2004,10.70316028594971,,,
ALB,2005,11.35797023773193,98.91,97.09,46.95
ALB,2006,10.93295001983643,96.97421868097788,87.46882327768435,49.08522350995395
ALB,2007,11.17718982696533,96.94499813936436,87.20561211063682,49.92469178084275
ALB,2008,10.963780865109499,96.91577759775083,86.9424009435894,50.76416005173155
ALB,2009,10.98418175990004,98.19074249267578,64.52068328857422,48.16764068603516
ALB,2010,11.004582654690573,96.85733651452375,86.41597860949457,52.44309659350915
ALB,2011,10.96722347168107,96.82811597291021,86.15276744244716,53.282564864397955
ALB,2012,11.50985671468504,96.79889543129669,85.88955627539974,54.12203313528653
ALB,2013,12.12390995025635,96.76967488968316,85.62634510835233,54.96150140617533
ALB,2014,10.91816811673631,96.74045434806962,85.36313394130491,55.80096967706413
ALB,2015,11.17755031585693,96.71123380645608,85.0999227742575,56.64043794795293
ALB,2016,13.59696006774902,96.68201326484254,84.83671160720996,57.479906218841734
ALB,2017,12.38521003723145,95.4015884399414,93.55213165283205,60.51953125
ALB,2018,10.88173224365852,96.62357218161549,84.31028927311513,59.158842760619336
ALB,2019,13.43340015411377,96.59435164000195,84.04707810606772,59.99831103150814
ALB,2020,10.26743030548096,96.5651310983884,83.7838669390203,60.83777930239694
ALB,2021,9.40900993347168,96.53591055677488,83.52065577197288,61.67724757328574
ALB,2022,9.014089584350586,96.50669001516135,83.25744460492547,62.516715844174314
ALB,2023,10.85657978057861,,,
ALB,2024,11.290195181758051,,,
ALB,2025,11.310596076548585,,,
AND,2000,7.956466239871531,,,
AND,2001,8.092629102111005,,,
AND,2002,8.228791964350421,,,
AND,2003,8.364954826589837,,,
AND,2004,8.50111768882931,,,
AND,2005,8.637280551068727,,,
AND,2006,8.7734434133082,,,
AND,2007,8.909606275547617,,,
AND,2008,9.045769137787033,,,
AND,2009,9.181932000026507,,,
AND,2010,9.318094862265923,,,
AND,2011,9.45425772450534,,,
AND,2012,9.84161391329076,,,
AND,2013,6.195529937744141,,,
AND,2014,13.31521034240723,,,
AND,2015,10.44281005859375,,,
AND,2016,9.99098014831543,,,
AND,2017,9.39243984222412,,,
AND,2018,13.4619197845459,,,
AND,2019,10.89523983001709,,,
AND,2020,8.991869225938949,,,
AND,2021,10.26473536638295,,,
AND,2022,6.961249828338623,,,
AND,2023,12.76951536894096,,,
AND,2024,12.00451540811257,,,
AND,2025,12.12907962336176,,,
AUT,2000,11.0332202911377,99.6431397058824,99.2862794117647,82.8078529411764
AUT,2001,10.81678009033203,,,
AUT,2002,10.77766036987305,,,
AUT,2003,10.41788005828857,,,
AUT,2004,9.83547019958496,,,
AUT,2005,10.22817039489746,99.42762500000005,98.85524999999998,83.81049999999993
AUT,2006,10.33712005615234,100.0,100.0,84.14
AUT,2007,10.41668033599854,98.78,97.56,82.84
AUT,2008,10.51202964782715,99.345,98.69,83.25
AUT,2009,10.56037044525146,98.995,97.99,84.76
AUT,2010,10.75069046020508,99.045,98.09,84.34
AUT,2011,10.96181964874268,99.11,98.22,84.06
AUT,2012,10.65845966339111,99.335,98.67,84.78999999999999
AUT,2013,10.67006969451904,99.085,98.17,85.85000000000001
AUT,2014,10.49254035949707,99.155,98.31,88.59
AUT,2015,10.7222204208374,99.13,98.26,88.03999999999999
AUT,2016,10.87989044189453,99.15,98.3,88.78
AUT,2017,10.84245014190674,98.96,97.92,86.49
AUT,2018,10.68115043640137,98.72,97.44,86.53999999999999
AUT,2019,10.67115020751953,98.575,97.15,85.84
AUT,2020,9.735380172729492,98.605,97.21,84.61
AUT,2021,9.782340049743652,98.99,97.98,85.32
AUT,2022,9.95557975769043,98.69487500000004,97.38975000000005,87.21949999999993
AUT,2023,10.321353331856102,,,
AUT,2024,10.305599720581714,,,
AUT,2025,10.289846109307327,,,
BEL,2000,11.657783214862473,,76.84708823529354,78.68342647058796
BEL,2001,11.674630949409458,,,
BEL,2002,11.691478683956444,,,
BEL,2003,11.708326418503429,,,
BEL,2004,11.725174153050414,,,
BEL,2005,11.1755199432373,,81.2189999999996,80.59349999999972
BEL,2006,11.758869622144385,,86.22,82.25
BEL,2007,11.77571735669137,,85.5,82.24000000000001
BEL,2008,12.47245025634766,,84.28999999999999,81.78
BEL,2009,11.80014991760254,,86.15,82.66
BEL,2010,11.94892024993896,,82.28999999999999,82.41000000000001
BEL,2011,11.60301971435547,,81.49,80.34
BEL,2012,11.67440032958984,,82.34,83.09
BEL,2013,11.80877017974854,,82.45,82.44
BEL,2014,11.83518981933594,,91.88,83.96000000000001
BEL,2015,12.00726985931396,,91.79,84.48
BEL,2016,12.15122032165527,,93.85,84.5
BEL,2017,12.34185981750488,,93.98,85.41
BEL,2018,12.18058013916016,,94.15,85.88
BEL,2019,12.2196102142334,,92.08,85.3
BEL,2020,11.55578994750977,,94.56,86.6
BEL,2021,11.6143798828125,97.7,95.4,88.11
BEL,2022,12.01037979125977,,96.08349999999996,87.08774999999991
BEL,2023,12.04528110944312,,,
BEL,2024,12.062128843990106,,,
BEL,2025,12.078976578537091,,,
BGR,2000,10.867361551755423,97.44604347826088,94.39972058823525,83.52495588235297
BGR,2001,9.277739524841309,,,
BGR,2002,9.654319763183594,,,
BGR,2003,11.18025016784668,,,
BGR,2004,12.27917957305908,,,
BGR,2005,12.07252025604248,97.67245652173914,94.92574999999997,84.38400000000001
BGR,2006,12.01047992706299,97.71773913043478,93.84,80.75
BGR,2007,11.11392021179199,97.655,95.31,84.6
BGR,2008,12.61225986480713,97.56,95.12,84.33
BGR,2009,12.6567497253418,97.85358695652174,94.69,85.41
BGR,2010,11.16341972351074,98.235,96.47,86.7
BGR,2011,11.10004997253418,98.095,96.19,86.42
BGR,2012,10.69091987609863,97.91,95.82,87.36
BGR,2013,11.43980026245117,98.51,97.02,86.0
BGR,2014,11.31035041809082,97.52,95.04,87.72999999999999
BGR,2015,10.40633964538574,98.335,96.67,87.8
BGR,2016,11.6558198928833,98.045,96.09,86.69
BGR,2017,12.73095035552979,98.405,96.81,85.77
BGR,2018,11.79002952575684,98.17,96.34,87.62
BGR,2019,11.70670986175537,98.30641304347826,94.51,84.25
BGR,2020,11.91499996185303,97.605,95.21,85.11
BGR,2021,12.25271034240723,98.995,97.99,86.97
BGR,2022,11.98184967041016,98.4422608695652,96.71424999999999,87.30474999999996
BGR,2023,12.132762859394063,,,
BGR,2024,12.18778030755226,,,
BGR,2025,12.24279775571047,,,
BIH,2000,10.092803734999308,99.25,97.48,51.97000000000001
BIH,2001,10.090871370755588,,,
BIH,2002,10.088939006511868,,,
BIH,2003,10.087006642268147,,,
BIH,2004,10.085074278024425,,,
BIH,2005,10.083141913780706,99.35574887593586,97.73780443827306,63.362516555787806
BIH,2006,10.081209549536984,99.2,98.73,55.33
BIH,2007,10.079277185293265,99.43735923767089,97.63189628601067,70.21086092631231
BIH,2008,10.077344821049543,99.47816441853841,97.57894220987949,73.63503311157456
BIH,2009,10.075412456805822,99.51896959940592,97.52598813374829,77.05920529683681
BIH,2010,10.073480092562102,99.55977478027344,97.4730340576171,80.48337748209906
BIH,2011,10.07154772831838,99.60057996114095,97.42007998148591,83.90754966736131
BIH,2012,10.06961536407466,99.73966217041016,96.84455108642578,93.06006622314452
BIH,2013,10.06768299983094,99.68219032287598,97.31417182922353,90.75589403788581
BIH,2014,10.065750635587218,99.72299550374349,97.26121775309234,94.18006622314806
BIH,2015,10.063818271343498,99.76380068461101,97.20826367696114,97.60423840841031
BIH,2016,10.2874002456665,99.80460586547852,97.15530960082995,101.02841059367256
BIH,2017,10.059953542856057,99.84541104634604,97.10235552469877,104.4525827789339
BIH,2018,9.630789756774902,99.88621622721355,97.04940144856756,107.87675496419615
BIH,2019,10.13315010070801,99.92702140808107,96.99644737243638,111.3009271494584
BIH,2020,10.054156450124895,99.96782658894858,96.94349329630519,114.72509933472065
BIH,2021,10.1768798828125,100.0086317698161,96.89053922017399,118.1492715199829
BIH,2022,10.050291721637453,100.04943695068361,96.8375851440428,121.57344370524515
BIH,2023,10.048359357393732,,,
BIH,2024,10.04642699315001,,,
BIH,2025,10.04449462890629,,,
BLR,2000,0.0,99.72079358782088,99.50276838030133,82.88198888869601
BLR,2001,8.659934687881446,,,
BLR,2002,8.884809367227774,,,
BLR,2003,9.109684046574102,,,
BLR,2004,12.55235004425049,,,
BLR,2005,12.62010955810547,99.83,99.4,84.17999999999999
BLR,2006,12.45032024383545,99.79365073067802,99.56560690743582,85.53970604306255
BLR,2007,10.13372039794922,99.80579358782087,99.57607999529158,85.98265890212372
BLR,2008,10.234057443305744,99.81793644496372,99.58655308314732,86.42561176118477
BLR,2009,8.449549674987793,99.83007930210658,99.59702617100308,86.86856462024582
BLR,2010,11.77812957763672,99.84222215924945,99.60749925885882,87.31151747930699
BLR,2011,11.62664985656738,99.8543650163923,99.61797234671457,87.75447033836804
BLR,2012,12.75230026245117,99.76952362060548,99.93871307373048,90.03092956542969
BLR,2013,12.2739896774292,99.878650730678,99.63891852242607,88.64037605649025
BLR,2014,12.40672016143799,99.89079358782087,99.64939161028181,89.0833289155513
BLR,2015,11.46173000335693,99.90293644496371,99.65986469813757,89.52628177461236
BLR,2016,12.15878009796143,99.91507930210658,99.67033778599331,89.96923463367352
BLR,2017,12.28168964385986,99.92722215924942,99.68081087384907,90.41218749273457
BLR,2018,12.7802095413208,99.93936501639229,99.69128396170481,90.85514035179563
BLR,2019,13.33073997497559,100.0,99.54662322998048,90.38134002685548
BLR,2020,12.78114986419678,99.963650730678,99.71223013741631,91.74104606991784
BLR,2021,12.81599998474121,99.97579358782085,99.72270322527206,92.1839989289789
BLR,2022,12.17733001708984,99.98793644496371,99.73317631312781,92.62695178804006
BLR,2023,12.2770299911499,,,
BLR,2024,12.34191989898682,,,
BLR,2025,14.056926992193269,,,
CHE,2000,14.4521598815918,97.89108398684539,93.87624999999986,83.914044117647
CHE,2001,15.25533962249756,,,
CHE,2002,15.18126010894775,,,
CHE,2003,16.19942092895508,,,
CHE,2004,16.09639930725098,,,
CHE,2005,15.70398998260498,98.28580318745253,95.20124999999979,86.38499999999988
CHE,2006,15.85387992858887,97.72,95.44,83.85000000000001
CHE,2007,15.56042003631592,97.82,95.64,87.85
CHE,2008,15.88504028320313,98.52263470781679,93.74,87.86
CHE,2009,15.52213954925537,98.60157854793823,93.15,88.33
CHE,2010,15.28763961791992,99.2,98.4,89.44
CHE,2011,15.44705009460449,99.095,98.19,89.5
CHE,2012,15.47457027435303,99.165,98.33,90.97
CHE,2013,15.09430980682373,99.2,98.4,91.2
CHE,2014,15.32168960571289,99.425,98.85,92.22
CHE,2015,15.38836002349854,99.4,98.8,91.86
CHE,2016,15.36046981811523,99.32,98.64,92.11
CHE,2017,15.46105003356934,99.25,98.5,92.79
CHE,2018,15.52597045898438,99.165,98.33,92.6
CHE,2019,15.67673969268799,98.905,97.81,92.98
CHE,2020,14.27455997467041,99.17,98.34,93.12
CHE,2021,14.60931015014648,99.35,98.7,92.69
CHE,2022,15.41516971588135,99.62784846951675,99.7062499999999,94.78624999999988
CHE,2023,15.165989627008848,,,
CHE,2024,15.147043331809662,,,
CHE,2025,15.128097036610477,,,
CYP,2000,14.26830959320068,98.57531935573444,97.95694117647079,81.76714705882341
CYP,2001,14.32157039642334,,,
CYP,2002,14.91421031951904,,,
CYP,2003,16.51523017883301,,,
CYP,2004,15.83298015594482,,,
CYP,2005,15.83936023712158,98.53592752013321,97.47150000000016,84.41449999999986
CYP,2006,16.17962074279785,97.605,95.21,81.5
CYP,2007,16.72047996520996,98.555,97.11,84.98
CYP,2008,17.59074974060059,98.53,97.06,86.04
CYP,2009,17.20125007629395,99.165,98.33,87.5
CYP,2010,15.64949035644531,98.42,96.84,85.08
CYP,2011,15.49765014648438,97.86,95.72,86.85000000000001
CYP,2012,14.67455193160339,98.395,96.79,87.57000000000001
CYP,2013,15.3621301651001,99.435,98.87,89.75
CYP,2014,12.33479976654053,99.435,98.87,93.39
CYP,2015,14.6587495803833,98.455,96.91,94.85
CYP,2016,15.4384298324585,98.06,96.12,91.93
CYP,2017,14.8294095993042,98.28,96.56,90.84
CYP,2018,13.778222109239266,98.84,97.68,92.93
CYP,2019,12.82557010650635,98.4256303804498,94.17,93.13
CYP,2020,12.11332035064697,98.41775201332956,94.85,87.64
CYP,2021,11.92158985137939,97.625,95.25,88.66000000000001
CYP,2022,12.48295021057129,98.40199527908906,95.82100000000003,93.41549999999984
CYP,2023,13.031280590602478,,,
CYP,2024,12.881892286875143,,,
CYP,2025,12.732503983147751,,,
CZE,2000,8.917739868164062,,,
CZE,2001,8.618889808654785,,,
CZE,2002,8.864620208740234,,,
CZE,2003,8.382209777832031,,,
CZE,2004,9.432900428771973,,,
CZE,2005,9.124210357666016,,,
CZE,2006,10.1192798614502,,,
CZE,2007,9.51356029510498,,,
CZE,2008,9.119939804077148,,,
CZE,2009,9.346969604492188,,,
CZE,2010,9.244799613952637,,,
CZE,2011,9.822460174560549,,,
CZE,2012,9.444860458374023,,,
CZE,2013,9.488269805908203,,,
CZE,2014,9.303239822387695,,,
CZE,2015,13.71592044830322,,,
CZE,2016,13.97049045562744,,,
CZE,2017,9.763449668884276,,,
CZE,2018,10.50821018218994,,,
CZE,2019,11.06536960601807,,,
CZE,2020,9.999500274658203,,,
CZE,2021,10.33135986328125,,,
CZE,2022,10.00936031341553,,,
CZE,2023,11.213442169159265,,,
CZE,2024,11.321418832884461,,,
CZE,2025,11.42939549660963,,,
DEU,2000,10.23439917705467,96.69909638554213,95.99751470588251,76.23980882352942
DEU,2001,10.263678625772677,,,
DEU,2002,10.292958074490684,,,
DEU,2003,10.322237523208692,,,
DEU,2004,10.3515169719267,,,
DEU,2005,10.380796420644707,97.36114457831326,95.26325000000008,77.17900000000003
DEU,2006,10.410075869362714,97.49355421686744,94.47,76.77000000000001
DEU,2007,10.439355318080722,97.64,95.28,76.67
DEU,2008,10.07110977172852,97.75837349397591,93.83,78.56
DEU,2009,10.497914215516737,97.89078313253009,92.53,75.94999999999999
DEU,2010,10.38199043273926,98.02319277108433,94.04,79.56
DEU,2011,10.79154968261719,98.115,96.23,80.24
DEU,2012,10.71685981750488,98.285,96.57,77.60000000000001
DEU,2013,10.71767997741699,98.45,96.9,78.97999999999999
DEU,2014,10.84512996673584,98.55283132530121,93.87,79.28
DEU,2015,10.69878005981445,98.68524096385545,92.62,78.75999999999999
DEU,2016,10.65153980255127,98.81765060240963,93.22,79.77
DEU,2017,10.72179985046387,98.95006024096386,93.16,79.97999999999999
DEU,2018,10.92897033691406,99.0824698795181,92.99,78.95
DEU,2019,11.03421974182129,99.21487951807228,92.69,79.69000000000001
DEU,2020,10.78824996948242,99.34728915662652,93.64,81.28
DEU,2021,10.57594966888428,99.47969879518075,92.2,78.36999999999999
DEU,2022,10.68212032318115,99.61210843373493,92.76675000000006,80.37225000000007
DEU,2023,10.907826497568848,,,
DEU,2024,10.937105946286856,,,
DEU,2025,10.966385395004863,,,
DNK,2000,15.30189990997314,100.26511764705887,100.53023529411772,71.23222058823501
DNK,2001,15.49320983886719,,,
DNK,2002,15.45448970794678,,,
DNK,2003,15.15820980072021,,,
DNK,2004,15.50994968414307,,,
DNK,2005,15.79619026184082,100.04412500000004,100.08825000000004,72.68949999999984
DNK,2006,15.52223014831543,99.655,99.31,80.54
DNK,2007,15.36106014251709,99.945,99.89,72.61999999999999
DNK,2008,14.80020046234131,99.955,99.91,70.77
DNK,2009,14.93513011932373,100.0,100.0,74.13
DNK,2010,15.12911033630371,100.0,100.0,70.96000000000001
DNK,2011,15.05974960327148,100.0,100.0,71.72
DNK,2012,12.51296997070313,99.985,99.97,74.18
DNK,2013,15.23678970336914,99.935,99.87,73.59
DNK,2014,13.86225032806396,99.2,98.4,75.16000000000001
DNK,2015,14.498240591097328,99.295,98.59,75.77000000000001
DNK,2016,14.73752021789551,99.485,98.97,76.48
DNK,2017,14.56484985351563,99.535,99.07,76.36
DNK,2018,14.43712997436523,99.505,99.01,76.64
DNK,2019,14.60803031921387,99.395,98.79,78.13
DNK,2020,13.84665012359619,99.385,98.77,77.72
DNK,2021,14.07894992828369,99.42,98.84,77.9
DNK,2022,14.16075992584229,99.29275000000001,98.5855,77.64425000000017
DNK,2023,13.92380256011711,,,
DNK,2024,13.851997806244583,,,
DNK,2025,13.780193052372056,,,
ESP,2000,10.65303039550781,95.29142857142924,83.59757352941119,50.1058970588233
ESP,2001,10.70273971557617,,,
ESP,2002,10.70096969604492,,,
ESP,2003,10.87534999847412,,,
ESP,2004,10.71127033233643,,,
ESP,2005,10.76976013183594,96.06035714285767,86.81374999999957,56.39074999999957
ESP,2006,10.88782978057861,96.21414285714334,92.26,61.27
ESP,2007,10.83693981170654,96.36792857142902,90.97,63.1
ESP,2008,10.92607975006104,96.5217142857147,87.96000000000001,60.52
ESP,2009,10.62497997283936,96.67550000000043,85.53,57.22000000000001
ESP,2010,10.54881000518799,96.8292857142861,88.36,59.96
ESP,2011,10.27163028717041,96.98307142857178,88.11,61.59
ESP,2012,9.05819034576416,97.13685714285745,90.92,64.21
ESP,2013,9.37672996520996,97.29064285714313,87.18,63.53
ESP,2014,9.488670349121094,97.4444285714288,93.59,68.74
ESP,2015,9.72698974609375,97.525,95.05,68.72
ESP,2016,9.951040267944336,97.75200000000021,94.29,70.83
ESP,2017,10.17955017089844,98.265,96.53,73.29
ESP,2018,9.995770454406738,97.875,95.75,71.82
ESP,2019,10.00430965423584,97.965,95.93,75.14
ESP,2020,9.432290077209473,98.42,96.84,77.64
ESP,2021,9.724980354309082,98.615,97.23,75.62
ESP,2022,9.87539005279541,98.67471428571432,97.74874999999997,77.75925000000007
ESP,2023,9.488077156157374,,,
ESP,2024,9.426129595564305,,,
ESP,2025,9.364182034971236,,,
EST,2000,14.68504047393799,97.85733088235294,95.71466176470585,83.1798088235294
EST,2001,14.82614994049072,,,
EST,2002,15.15062999725342,,,
EST,2003,15.03921985626221,,,
EST,2004,14.30607986450195,,,
EST,2005,14.26515007019043,98.320125,96.64024999999998,83.40025
EST,2006,13.973810584269529,98.335,96.67,84.42
EST,2007,13.65025997161865,98.485,96.97,82.78999999999999
EST,2008,13.86493015289307,98.23,96.46,82.53
EST,2009,12.92809963226318,98.375,96.75,85.72999999999999
EST,2010,13.55863952636719,98.74,97.48,84.86
EST,2011,13.27637958526611,98.965,97.93,83.36
EST,2012,11.86328983306885,99.55,99.1,83.00999999999999
EST,2013,12.47807025909424,99.095,98.19,84.46000000000001
EST,2014,11.51916980743408,99.565,99.13,83.86
EST,2015,12.86756038665771,99.41,98.82,80.12
EST,2016,12.99442005157471,99.475,98.95,84.54
EST,2017,12.51416015625,99.535,99.07,83.03
EST,2018,13.2388801574707,99.45,98.9,81.95
EST,2019,13.20110988616943,99.515,99.03,82.78999999999999
EST,2020,12.16341018676758,99.24,98.48,87.18
EST,2021,12.38945960998535,99.745,99.49,85.77
EST,2022,13.02919006347656,99.89362500000003,99.78725000000003,84.14975000000001
EST,2023,11.961227388235528,,,
EST,2024,11.842840141409994,,,
EST,2025,11.72445289458446,,,
FIN,2000,12.17092037200928,99.86308088235297,99.72616176470594,86.1323970588235
FIN,2001,12.63444995880127,,,
FIN,2002,12.68253040313721,,,
FIN,2003,12.77597045898438,,,
FIN,2004,12.77896022796631,,,
FIN,2005,12.24969959259033,99.80962500000004,99.61925000000005,86.92224999999999
FIN,2006,12.28382015228271,99.785,99.57,86.28
FIN,2007,12.14995002746582,99.65,99.3,88.34
FIN,2008,12.17858982086182,99.855,99.71,88.88000000000001
FIN,2009,11.94272041320801,99.795,99.59,88.19
FIN,2010,12.04104042053223,99.72,99.44,85.85000000000001
FIN,2011,11.99326038360596,99.835,99.67,86.00999999999999
FIN,2012,12.87594985961914,99.83,99.66,89.19
FIN,2013,12.52550983428955,99.855,99.71,85.76
FIN,2014,12.38753986358643,99.845,99.69,90.07
FIN,2015,12.68671035766602,99.285,98.57,88.9
FIN,2016,12.53769969940186,99.705,99.41,90.12
FIN,2017,12.12551021575928,99.645,99.29,87.71
FIN,2018,11.99582004547119,99.735,99.47,89.92
FIN,2019,12.26821041107178,99.65,99.3,88.28
FIN,2020,11.83516979217529,99.54,99.08,88.52
FIN,2021,11.94511985778809,99.77,99.54,90.22
FIN,2022,12.11277008056641,99.62787500000002,99.25575000000003,89.60774999999992
FIN,2023,12.08198926571329,,,
FIN,2024,12.062814739853025,,,
FIN,2025,12.043640213992752,,,
FRA,2000,11.518979971749701,99.26569117647064,98.53138235294121,78.04226470588173
FRA,2001,11.408585521153299,,,
FRA,2002,11.298191070556868,,,
FRA,2003,11.187796619960466,,,
FRA,2004,11.077402169364063,,,
FRA,2005,10.967007718767661,99.26462500000005,98.52925000000003,80.86549999999943
FRA,2006,10.85661326817123,99.335,98.67,81.47
FRA,2007,10.746218817574828,99.255,98.51,82.47
FRA,2008,10.635824366978426,99.265,98.53,82.58
FRA,2009,10.525429916382024,99.165,98.33,83.65
FRA,2010,10.415035465785593,99.265,98.53,82.02000000000001
FRA,2011,10.30464101518919,98.995,97.99,83.43
FRA,2012,10.194246564592788,99.27,98.54,83.45
FRA,2013,10.083852113996358,99.415,98.83,87.85
FRA,2014,9.973457663399955,99.235,98.47,86.97
FRA,2015,9.863063212803553,99.465,98.93,86.66
FRA,2016,9.75266876220715,99.345,98.69,88.05
FRA,2017,9.476829528808594,99.18,98.36,86.71
FRA,2018,9.624759674072266,99.41,98.82,87.92
FRA,2019,9.696269989013672,99.395,98.79,87.91
FRA,2020,9.171839714050291,99.075,98.15,88.06
FRA,2021,9.110549926757812,99.135,98.27,91.44
FRA,2022,9.117480278015137,99.26100000000004,98.522,90.46449999999959
FRA,2023,8.979907608032278,,,
FRA,2024,8.869513157435847,,,
FRA,2025,8.759118706839445,,,
GBR,2000,11.85175037384033,99.27873626373622,98.55747252747258,71.81945054945118
GBR,2001,12.08215045928955,,,
GBR,2002,13.30615997314453,,,
GBR,2003,13.3586597442627,,,
GBR,2004,12.72544002532959,,,
GBR,2005,12.96028995513916,99.443956043956,98.88791208791213,75.2596703296706
GBR,2006,12.94647979736328,99.635,99.27,77.44
GBR,2007,12.81916999816895,99.27,98.54,76.21
GBR,2008,12.7018404006958,99.535,99.07,76.16000000000001
GBR,2009,12.36063957214355,99.44,98.88,77.16
GBR,2010,12.76912021636963,99.605,99.21,77.13
GBR,2011,12.4644603729248,99.635,99.27,79.25999999999999
GBR,2012,13.001799108294875,99.78,99.56,81.42
GBR,2013,12.68640995025635,99.7,99.4,80.81
GBR,2014,13.38755035400391,99.96,99.92,82.55
GBR,2015,13.48701000213623,99.975,99.95,84.26
GBR,2016,13.42720985412598,99.855,99.71,82.97
GBR,2017,13.7579402923584,99.705,99.41,83.3
GBR,2018,13.29176044464111,99.795,99.59,82.74000000000001
GBR,2019,13.53487014770508,99.795,99.59,84.47
GBR,2020,14.03225994110107,99.93961538461535,99.87923076923076,85.58032967032955
GBR,2021,11.81680011749268,99.97265934065932,99.94531868131867,86.26837362637343
GBR,2022,13.386589799718749,100.00570329670327,100.01140659340658,86.95641758241732
GBR,2023,13.425068868861132,,,
GBR,2024,13.463547938003515,,,
GBR,2025,13.502027007145912,,,
GIB,2000,4.191595427763502,,,
GIB,2001,4.368557098746692,,,
GIB,2002,4.545518769729824,,,
GIB,2003,4.722480440713014,,,
GIB,2004,4.899442111696203,,,
GIB,2005,5.076403782679336,,,
GIB,2006,5.253365453662525,,,
GIB,2007,5.4303271246456575,,,
GIB,2008,5.607288795628847,,,
GIB,2009,5.784250466612036,,,
GIB,2010,7.96277066350702,,,
GIB,2011,5.930107651207186,,,
GIB,2012,4.720022833427564,,,
GIB,2013,5.355535506020994,,,
GIB,2014,6.239955070955863,,,
GIB,2015,7.031283643442412,,,
GIB,2016,8.011709595047769,,,
GIB,2017,7.626872681448911,,,
GIB,2018,7.759975395754262,,,
GIB,2019,7.365379880331028,,,
GIB,2020,7.680571940499738,,,
GIB,2021,7.136644493311235,,,
GIB,2022,7.820756325822321,,,
GIB,2023,7.937872532645245,,,
GIB,2024,9.4819334929474,,,
GIB,2025,8.553403013133716,,,
GRC,2000,6.957769870758057,97.35374264705881,94.7074852941177,77.23920588235251
GRC,2001,7.316520214080811,,,
GRC,2002,7.477159976959229,,,
GRC,2003,7.360400199890137,,,
GRC,2004,7.70182991027832,,,
GRC,2005,8.700209617614746,97.83024999999999,95.66050000000001,81.55824999999959
GRC,2006,7.456560582807313,97.915,95.83,83.05
GRC,2007,7.430355182186489,98.04,96.08,84.63000000000001
GRC,2008,7.404149781565664,98.445,96.89,84.24000000000001
GRC,2009,7.3779443809448395,98.245,96.49,84.44
GRC,2010,7.351738980324015,98.11,96.22,85.68
GRC,2011,7.32553357970319,98.205,96.41,85.64
GRC,2012,7.299328179082366,98.43,96.86,85.82
GRC,2013,7.273122778461541,98.335,96.67,86.87
GRC,2014,7.246917377840717,98.6,97.2,89.67
GRC,2015,7.101439952850342,98.905,97.81,90.62
GRC,2016,7.194506576599068,99.27,98.54,91.89
GRC,2017,7.144780158996582,98.78,97.56,92.92
GRC,2018,7.36313009262085,99.175,98.35,94.03
GRC,2019,7.459390163421631,99.26,98.52,94.71
GRC,2020,7.089684974115762,99.47,98.94,95.14
GRC,2021,7.063479573494938,99.06,98.12,93.06
GRC,2022,6.39132022857666,99.450375,98.90075000000007,96.24299999999994
GRC,2023,7.011068772253289,,,
GRC,2024,6.984863371632464,,,
GRC,2025,6.95865797101164,,,
HRV,2000,8.157972193896697,99.28917647058822,98.57835294117648,92.77819117647056
HRV,2001,8.192443058671714,,,
HRV,2002,7.77331018447876,,,
HRV,2003,7.795300006866455,,,
HRV,2004,7.802519798278809,,,
HRV,2005,8.330326517771766,99.33299999999997,98.66600000000001,93.84274999999997
HRV,2006,8.364797382546783,99.36,98.72,94.45
HRV,2007,8.56842041015625,99.565,99.13,95.41
HRV,2008,9.24820041656494,99.275,98.55,94.66
HRV,2009,8.861860275268555,99.46,98.92,93.42
HRV,2010,8.739689826965332,98.85,97.7,94.17
HRV,2011,8.452879905700684,99.31,98.62,95.85
HRV,2012,8.571622571196855,99.735,99.47,94.25
HRV,2013,9.397109985351562,99.485,98.97,94.97
HRV,2014,8.640564300746874,99.43,98.86,96.5
HRV,2015,8.67503516552189,99.38,98.76,96.18
HRV,2016,8.709506030296907,99.385,98.77,96.16
HRV,2017,8.7887601852417,99.505,99.01,96.74
HRV,2018,8.73954963684082,99.52,99.04,95.95
HRV,2019,8.90884017944336,99.3,98.6,96.95
HRV,2020,8.215370178222656,99.175,98.35,97.33
HRV,2021,8.504079818725586,99.785,99.57,97.45
HRV,2022,8.91633121894698,99.48199999999999,98.96400000000001,97.46225000000004
HRV,2023,8.950802083721996,,,
HRV,2024,8.985272948496998,,,
HRV,2025,9.019743813272015,,,
HUN,2000,10.28238010406494,99.17270588235297,98.3454117647059,84.82904411764714
HUN,2001,10.43548965454102,,,
HUN,2002,10.15637969970703,,,
HUN,2003,11.79174041748047,,,
HUN,2004,10.93478965759277,,,
HUN,2005,10.78715038299561,99.20237500000002,98.40475,85.06250000000006
HUN,2006,10.29981994628906,98.925,97.85,83.91
HUN,2007,10.29848003387451,99.26,98.52,85.50999999999999
HUN,2008,10.19106960296631,99.075,98.15,85.17
HUN,2009,9.783329963684082,99.27,98.54,85.9
HUN,2010,9.677240371704102,99.275,98.55,85.94000000000001
HUN,2011,9.301119804382324,99.205,98.41,84.75
HUN,2012,8.434149742126465,99.43,98.86,84.65
HUN,2013,8.367520332336426,99.325,98.65,85.85000000000001
HUN,2014,9.194669723510742,99.44,98.88,86.89
HUN,2015,8.922639846801758,99.435,98.87,86.21
HUN,2016,9.862380027770996,99.445,98.89,84.5
HUN,2017,9.94773006439209,99.295,98.59,84.53
HUN,2018,10.0292501449585,99.235,98.47,85.72
HUN,2019,9.164090156555176,99.02,98.04,87.12
HUN,2020,8.078720092773438,99.205,98.41,86.45
HUN,2021,9.678420066833496,99.205,98.41,84.25
HUN,2022,7.803410053253174,99.30325,98.6065,85.85624999999997
HUN,2023,8.520054738040983,,,
HUN,2024,8.42055940863645,,,
HUN,2025,8.321064079231917,,,
IRL,2000,13.5181999206543,,,
IRL,2001,12.70464992523193,,,
IRL,2002,12.48445987701416,,,
IRL,2003,12.87310981750488,,,
IRL,2004,13.65855979919434,,,
IRL,2005,13.68492984771729,,,
IRL,2006,13.54899978637695,,,
IRL,2007,13.23058986663818,,,
IRL,2008,13.13430976867676,,,
IRL,2009,13.13325023651123,,,
IRL,2010,9.323320388793944,,,
IRL,2011,12.33757019042969,,,
IRL,2012,13.52248954772949,,,
IRL,2013,13.1515998840332,,,
IRL,2014,12.96996974945068,,,
IRL,2015,12.92430973052979,,,
IRL,2016,13.31054019927979,,,
IRL,2017,13.3671703338623,,,
IRL,2018,13.33841991424561,,,
IRL,2019,13.52929973602295,,,
IRL,2020,11.96757984161377,,,
IRL,2021,12.33450984954834,,,
IRL,2022,12.747600592576056,,,
IRL,2023,12.733368872519193,,,
IRL,2024,12.71913715246233,,,
IRL,2025,12.704905432405468,,,
ISL,2000,14.34761047363281,,,
ISL,2001,14.14177989959717,,,
ISL,2002,16.05661010742188,,,
ISL,2003,15.15958023071289,,,
ISL,2004,15.33897018432617,,,
ISL,2005,16.30814933776855,,,
ISL,2006,16.0469799041748,,,
ISL,2007,15.51906967163086,,,
ISL,2008,11.10029983520508,,,
ISL,2009,13.41956043243408,,,
ISL,2010,14.23122024536133,,,
ISL,2011,13.43597030639648,,,
ISL,2012,15.88494968414307,,,
ISL,2013,16.20466995239258,,,
ISL,2014,16.67432975769043,,,
ISL,2015,17.1551399230957,,,
ISL,2016,16.00481986999512,,,
ISL,2017,17.07719039916992,,,
ISL,2018,17.24921989440918,,,
ISL,2019,17.44318962097168,,,
ISL,2020,16.79796981811523,,,
ISL,2021,16.59103965759277,,,
ISL,2022,15.65501022338867,,,
ISL,2023,16.8874248459405,,,
ISL,2024,16.998176447487594,,,
ISL,2025,17.108928049034716,,,
ITA,2000,9.230279922485352,99.10491176470586,98.20982352941175,73.24194117647039
ITA,2001,9.832320213317873,,,
ITA,2002,9.496430397033691,,,
ITA,2003,9.637439727783203,,,
ITA,2004,9.364350318908691,,,
ITA,2005,8.974749565124512,99.22612499999998,98.45224999999999,75.95024999999964
ITA,2006,9.471480369567873,99.32,98.64,76.88000000000001
ITA,2007,8.7716703414917,99.36,98.72,77.64
ITA,2008,9.155610084533691,99.24,98.48,77.85
ITA,2009,8.822580337524414,99.345,98.69,77.86999999999999
ITA,2010,8.667400360107422,99.29,98.58,78.03
ITA,2011,8.351200103759766,99.45,98.9,78.96
ITA,2012,7.99275016784668,99.29,98.58,79.27
ITA,2013,8.097970008850098,99.475,98.95,79.69000000000001
ITA,2014,7.966609954833984,99.365,98.73,81.13
ITA,2015,8.069100379943848,99.325,98.65,81.25
ITA,2016,7.749090194702148,99.48,98.96,81.98
ITA,2017,8.254170417785645,99.54,99.08,83.07
ITA,2018,8.776639938354492,99.505,99.01,82.59
ITA,2019,8.422369956970215,99.6,99.2,83.43
ITA,2020,7.780439853668213,99.64,99.28,84.61
ITA,2021,7.443339824676514,99.69,99.38,84.61999999999999
ITA,2022,7.405159950256348,99.63825,99.27650000000001,85.15849999999978
ITA,2023,7.474392244467111,,,
ITA,2024,7.380833799659939,,,
ITA,2025,7.287275354852767,,,
LTU,2000,15.685206995381805,99.20113235294119,98.4022647058824,86.41050000000007
LTU,2001,15.99485015869141,,,
LTU,2002,16.81158065795898,,,
LTU,2003,15.56124019622803,,,
LTU,2004,15.18828010559082,,,
LTU,2005,14.30047035217285,99.259625,98.51925000000003,88.14550000000008
LTU,2006,14.04924011230469,98.92,97.84,87.94
LTU,2007,13.02009010314941,99.4,98.8,90.16
LTU,2008,12.69242000579834,99.395,98.79,89.63
LTU,2009,12.42465019226074,99.52,99.04,88.24
LTU,2010,12.47957992553711,99.34,98.68,88.44999999999999
LTU,2011,12.86353015899658,99.535,99.07,87.92999999999999
LTU,2012,13.06536960601807,99.505,99.01,91.01
LTU,2013,12.93937015533447,99.14,98.28,92.14
LTU,2014,12.87658023834229,99.23,98.46,92.37
LTU,2015,11.97869968414307,99.39,98.78,91.33
LTU,2016,11.63877964019775,99.125,98.25,94.28
LTU,2017,11.42453002929688,99.235,98.47,92.15
LTU,2018,11.41294956207275,99.535,99.07,94.75
LTU,2019,11.37759017944336,99.53,99.06,94.94
LTU,2020,10.56414031982422,99.4,98.8,90.85
LTU,2021,11.35999011993408,99.545,99.09,91.35
LTU,2022,11.73038005828857,99.4585,98.917,94.04449999999997
LTU,2023,10.292457692034816,,,
LTU,2024,10.05799033101971,,,
LTU,2025,9.82352297000466,,,
LUX,2000,9.654855499709157,97.65619047619046,93.52255882352934,74.54255882352948
LUX,2001,9.280659675598145,,,
LUX,2002,9.553427766430218,,,
LUX,2003,9.502713899790749,,,
LUX,2004,9.452000033151279,,,
LUX,2005,9.40128616651181,97.81333333333332,93.61049999999994,75.59925000000004
LUX,2006,9.35057229987234,97.62,95.24,73.29
LUX,2007,9.29985843323287,97.87619047619046,92.4,74.65
LUX,2008,9.249144566593401,97.90761904761905,92.72,77.60000000000001
LUX,2009,9.198430699953931,98.22,96.44,81.95
LUX,2010,9.147716833314462,97.97047619047618,92.91,76.66
LUX,2011,9.097002966674992,98.00190476190477,92.54,76.5
LUX,2012,9.274550437927246,98.03333333333333,94.16,73.88
LUX,2013,8.995575233396053,98.06476190476191,94.3,79.9
LUX,2014,9.49374008178711,98.09619047619049,92.5,79.4
LUX,2015,9.334429740905762,98.12761904761905,93.89,71.28999999999999
LUX,2016,8.843433633477659,98.15904761904763,92.97,78.97999999999999
LUX,2017,8.446260452270508,98.1904761904762,93.4,78.03999999999999
LUX,2018,8.643280029296875,98.22190476190477,93.8,79.74
LUX,2019,8.676429748535156,98.25333333333334,94.07,79.11
LUX,2020,8.194990158081055,98.28476190476192,92.3,78.55
LUX,2021,8.690329551696777,98.26,96.52,78.79
LUX,2022,8.450380325317383,98.34761904761906,93.90950000000004,79.19199999999984
LUX,2023,8.488436567001372,,,
LUX,2024,8.437722700361903,,,
LUX,2025,8.387008833722433,,,
LVA,2000,14.60147953033447,98.53202941176468,97.06405882352934,76.23583823529361
LVA,2001,15.87751960754395,,,
LVA,2002,16.37018013000488,,,
LVA,2003,15.37675952911377,,,
LVA,2004,14.50181007385254,,,
LVA,2005,14.987949113477441,98.79724999999999,97.59449999999993,79.6577499999994
LVA,2006,13.91162967681885,99.385,98.77,81.41000000000001
LVA,2007,14.06704998016357,98.995,97.99,80.12
LVA,2008,14.76309967041016,98.435,96.87,80.99
LVA,2009,13.02513980865479,98.91,97.82,81.91000000000001
LVA,2010,11.8090295791626,98.855,97.71,81.92
LVA,2011,12.71531009674072,99.3,98.6,81.89
LVA,2012,17.73654937744141,98.985,97.97,85.75
LVA,2013,18.74402046203613,99.395,98.79,88.75
LVA,2014,13.97237014770508,98.855,97.71,88.53
LVA,2015,14.12740993499756,99.34,98.68,86.3
LVA,2016,12.89328956604004,99.61,99.22,85.0
LVA,2017,11.97128009796143,99.915,99.83,86.74
LVA,2018,11.15254020690918,99.265,98.53,90.3
LVA,2019,11.76817035675049,99.485,98.97,86.26
LVA,2020,11.71951961517334,99.53,99.06,91.03
LVA,2021,10.69342041015625,99.71,99.42,90.7
LVA,2022,9.921030044555664,99.69900000000003,99.39800000000002,91.29224999999974
LVA,2023,11.33365268817613,,,
LVA,2024,11.130636220103838,,,
LVA,2025,10.927619752031546,,,
MCO,2000,6.327899932861328,,,
MCO,2001,6.830596117008149,,,
MCO,2002,6.805827160205048,,,
MCO,2003,6.7810582034019475,,,
MCO,2004,5.925950050354004,,,
MCO,2005,6.731520289795753,,,
MCO,2006,6.70675133299266,,,
MCO,2007,6.681982376189559,,,
MCO,2008,6.657213419386466,,,
MCO,2009,6.598810195922852,,,
MCO,2010,6.36322021484375,,,
MCO,2011,8.076169967651367,,,
MCO,2012,8.87594985961914,,,
MCO,2013,7.059219837188721,,,
MCO,2014,5.008860111236572,,,
MCO,2015,6.483830721764782,,,
MCO,2016,6.596549987792969,,,
MCO,2017,6.980629920959473,,,
MCO,2018,6.4095238513554875,,,
MCO,2019,5.029270172119141,,,
MCO,2020,6.359985937749293,,,
MCO,2021,5.873690128326416,,,
MCO,2022,4.795989990234375,,,
MCO,2023,7.732029914855957,,,
MCO,2024,6.260910110536905,,,
MCO,2025,6.236141153733804,,,
MDA,2000,12.92393016815186,98.99,89.45,37.95
MDA,2001,16.42476081848145,,,
MDA,2002,17.88434028625488,,,
MDA,2003,16.19259071350098,,,
MDA,2004,19.4520206451416,,,
MDA,2005,19.29664993286133,98.15338897705078,93.45060729980467,56.88750839233398
MDA,2006,18.60881996154785,98.7497455967894,93.3324880617472,53.8611407428707
MDA,2007,19.41696929931641,98.76609298286084,93.91176682218475,56.009863722215414
MDA,2008,19.8500804901123,98.78244036893228,94.49104558262229,58.158586701559216
MDA,2009,20.99263000488281,98.79878775500373,95.07032434305984,60.30730968090393
MDA,2010,22.26700973510742,98.81513514107517,95.64960310349738,62.45603266024773
MDA,2011,21.91588020324707,98.83148252714662,96.22888186393493,64.60475563959244
MDA,2012,20.74197006225586,99.0895004272461,96.517578125,64.5971908569336
MDA,2013,18.27648746613956,98.86417729928951,97.38743938481002,68.90220159828095
MDA,2014,18.76510047912598,98.88052468536094,97.96671814524757,71.05092457762566
MDA,2015,18.23871988412744,98.89687207143238,98.54599690568512,73.19964755696947
MDA,2016,18.62162971496582,98.91321945750383,99.12527566612266,75.34837053631418
MDA,2017,18.43283081054688,98.92956684357527,99.70455442656021,77.49709351565798
MDA,2018,17.56772994995117,98.94591422964672,100.28383318699775,79.64581649500269
MDA,2019,19.46438026428223,98.96226161571816,100.8631119474353,81.7945394743465
MDA,2020,17.99377059936523,98.97860900178961,101.44239070787285,83.9432624536912
MDA,2021,16.84165000915527,98.99495638786104,102.02166946831039,86.091985433035
MDA,2022,16.69313049316406,99.0113037739325,102.60094822874794,88.24070841237972
MDA,2023,16.88652992248535,,,
MDA,2024,15.96476004511937,,,
MDA,2025,18.288784769631725,,,
MKD,2000,,97.33683800885053,95.29497407928201,50.724617004395895
MKD,2002,8.64087963104248,,,
MKD,2005,,97.06,93.95,58.42
MKD,2006,,97.8535053980069,95.22567521943809,61.964906005860485
MKD,2007,,97.93961662953295,95.21412540946409,63.838287506104734
MKD,2008,,98.025727861059,95.2025755994901,65.71166900634898
MKD,2009,,98.11183909258507,95.19102578951612,67.58505050659278
MKD,2010,,98.19795032411112,95.17947597954213,69.45843200683703
MKD,2011,,99.59779357910156,97.55848693847656,74.43607330322266
MKD,2012,,98.37017278716324,95.15637635959416,73.20519500732507
MKD,2013,,98.45628401868929,95.14482654962018,75.07857650756932
MKD,2014,,98.54239525021536,95.13327673964618,76.95195800781312
MKD,2015,,98.62850648174141,95.12172692967219,78.82533950805737
MKD,2016,,98.71461771326749,95.1101771196982,80.69872100830162
MKD,2017,,98.80072894479353,95.09862730972422,82.57210250854541
MKD,2018,,98.28050231933594,93.9837417602539,83.01274871826172
MKD,2019,,98.97295140784566,95.07552768977624,86.31886550903391
MKD,2020,,99.0590626393717,95.06397787980225,88.19224700927771
MKD,2021,,99.14517387089778,95.05242806982827,90.06562850952196
MKD,2022,,99.23128510242383,95.04087825985428,91.93901000976575
MLT,2000,12.806900858879146,,,
MLT,2001,12.899156899452265,,,
MLT,2002,9.535340309143066,,,
MLT,2003,13.083668980598503,,,
MLT,2004,10.56002044677734,,,
MLT,2005,13.268181061744741,,,
MLT,2006,13.36043710231786,,,
MLT,2007,14.47568035125732,,,
MLT,2008,12.99604988098145,,,
MLT,2009,12.26858997344971,,,
MLT,2010,15.49619960784912,,,
MLT,2011,18.2634105682373,,,
MLT,2012,14.98746013641357,,,
MLT,2013,18.48130035400391,,,
MLT,2014,17.30994033813477,,,
MLT,2015,12.98429012298584,,,
MLT,2016,13.97729015350342,,,
MLT,2017,13.27812004089355,,,
MLT,2018,14.46750958919526,,,
MLT,2019,13.75829982757568,,,
MLT,2020,14.652021670341497,,,
MLT,2021,12.4916296005249,,,
MLT,2022,12.4980001449585,,,
MLT,2023,14.928789792060826,,,
MLT,2024,15.021045832633945,,,
MLT,2025,15.113301873207064,,,
MNE,2000,,99.43780269179243,99.09968658920405,63.83303507487017
MNE,2005,,98.25,97.42,69.47
MNE,2006,,98.8326327301736,98.05678507723547,71.86877512613955
MNE,2007,,98.7317710699038,97.88296815857404,73.2080651346846
MNE,2008,,98.63090940963397,97.70915123991261,74.54735514322965
MNE,2009,,98.53004774936417,97.53533432125118,75.8866451517747
MNE,2010,,98.42918608909437,97.36151740258975,77.2259351603193
MNE,2011,,98.32832442882457,97.18770048392832,78.56522516886434
MNE,2012,,98.22746276855477,97.0138835652669,79.9045151774094
MNE,2013,,99.9036865234375,98.9476318359375,83.99846649169922
MNE,2014,,98.02573944801514,96.66624972794403,82.58309519449904
MNE,2015,,97.92487778774534,96.4924328092826,83.92238520304409
MNE,2016,,97.82401612747555,96.31861589062117,85.26167521158914
MNE,2017,,97.72315446720572,96.14479897195974,86.60096522013419
MNE,2018,,96.52870178222656,94.67401885986328,86.24507904052734
MNE,2019,,97.52143114666612,95.79716513463688,89.27954523722383
MNE,2020,,97.42056948639632,95.62334821597545,90.61883524576888
MNE,2021,,97.31970782612652,95.44953129731402,91.95812525431393
MNE,2022,,97.21884616585669,95.2757143786526,93.29741526285898
NLD,2000,10.60684967041016,,,
NLD,2001,10.63936042785645,,,
NLD,2002,10.69431972503662,,,
NLD,2003,10.97206020355225,,,
NLD,2004,11.28462028503418,,,
NLD,2005,11.71969985961914,,,
NLD,2006,11.41699981689453,,,
NLD,2007,11.22879028320313,,,
NLD,2008,11.29115009307861,,,
NLD,2009,11.12102031707764,,,
NLD,2010,11.16580963134766,,,
NLD,2011,11.3361701965332,,,
NLD,2012,11.26502990722656,,,
NLD,2013,11.535400390625,,,
NLD,2014,11.55782032012939,,,
NLD,2015,11.66370964050293,,,
NLD,2016,12.27208042144775,,,
NLD,2017,11.8980598449707,,,
NLD,2018,12.41011047363281,,,
NLD,2019,12.00983047485352,,,
NLD,2020,11.06680965423584,,,
NLD,2021,11.71522045135498,,,
NLD,2022,11.97062015533447,,,
NLD,2023,12.069469938165128,,,
NLD,2024,12.122934671258747,,,
NLD,2025,12.176399404352367,,,
NOR,2000,15.63018989562988,100.21720588235297,100.43441176470594,65.00527941176438
NOR,2001,15.783860206604,,,
NOR,2002,16.08358001708984,,,
NOR,2003,15.53073024749756,,,
NOR,2004,16.26292991638184,,,
NOR,2005,16.37252998352051,100.04312500000002,100.08625000000004,69.29799999999977
NOR,2006,15.70711040496826,99.96,99.92,72.32
NOR,2007,15.87798976898193,99.95,99.9,71.59
NOR,2008,15.71776008605957,100.0,100.0,71.76
NOR,2009,15.50778007507324,100.0,100.0,69.84
NOR,2010,15.0884895324707,100.0,100.0,72.84
NOR,2011,14.82680988311768,100.0,100.0,74.74
NOR,2012,17.28206062316895,99.945,99.89,71.16
NOR,2013,17.11923980712891,100.0,100.0,77.41
NOR,2014,16.90208053588867,99.37,98.74,79.19
NOR,2015,15.60758018493652,99.235,98.47,79.27
NOR,2016,15.84072017669678,99.755,99.51,77.88000000000001
NOR,2017,15.9396800994873,99.035,98.07,81.02000000000001
NOR,2018,15.92572975158691,99.58,99.16,81.13
NOR,2019,15.66553020477295,99.515,99.03,82.34
NOR,2020,14.76426982879639,99.61,99.22,81.69
NOR,2021,15.02766990661621,100.0,100.0,81.35
NOR,2022,14.46910953521729,99.45125,98.9025,83.89325000000008
NOR,2023,15.453262001158215,,,
NOR,2024,15.426057636502222,,,
NOR,2025,15.398853271846235,,,
POL,2000,11.58057022094727,99.04947023809513,99.03169117647073,92.24338235294115
POL,2001,11.86565971374512,,,
POL,2002,11.92059993743896,,,
POL,2003,11.67521953582764,,,
POL,2004,12.32353019714355,,,
POL,2005,12.26529026031494,99.05723809523802,98.6100000000001,92.32499999999999
POL,2006,12.70998001098633,98.44,96.88,93.55
POL,2007,11.34832954406738,99.08,98.16,93.13
POL,2008,11.41024971008301,99.245,98.49,92.75
POL,2009,11.08304977416992,99.135,98.27,92.36
POL,2010,11.0465202331543,99.135,98.27,92.32
POL,2011,10.94567966461182,99.185,98.37,91.37
POL,2012,11.1955099105835,99.16,98.32,91.13
POL,2013,11.56643962860107,99.02,98.04,91.41
POL,2014,11.57050037384033,99.065,98.13,92.0
POL,2015,11.53715038299561,99.195,98.39,92.72
POL,2016,11.27159976959229,99.295,98.59,92.43
POL,2017,11.04395961761475,99.5,99.0,92.43
POL,2018,11.11061954498291,99.27,98.54,92.72
POL,2019,11.17117023468018,99.235,98.47,92.79
POL,2020,10.05722999572754,98.085,96.17,92.36
POL,2021,10.60408973693848,99.0820952380953,94.2,93.95
POL,2022,9.974410057067873,99.08364880952388,97.17625000000001,92.60250000000005
POL,2023,10.509158172155054,,,
POL,2024,10.4382642587654,,,
POL,2025,10.367370345375718,,,
PRT,2000,12.05484962463379,86.50666666666916,74.59261764705889,33.33492647058665
PRT,2001,12.09663009643555,,,
PRT,2002,11.90095996856689,,,
PRT,2003,11.63733959197998,,,
PRT,2004,10.95652008056641,,,
PRT,2005,10.85196971893311,89.51916666666853,80.5560000000005,46.662499999998545
PRT,2006,10.87008953094482,90.12166666666849,78.72,48.39
PRT,2007,11.0479097366333,90.72416666666845,80.4,52.12
PRT,2008,10.32433986663818,91.32666666666819,82.44,53.6
PRT,2009,11.06927967071533,91.92916666666815,85.35000000000001,54.77999999999999
PRT,2010,10.41672992706299,92.53166666666812,87.82,59.05
PRT,2011,10.22797012329102,93.13416666666785,91.1,64.49000000000001
PRT,2012,10.12045955657959,93.73666666666782,91.3,67.95
PRT,2013,10.53960037231445,94.33916666666778,92.63,69.47
PRT,2014,9.911219596862791,94.94166666666752,92.88,71.09
PRT,2015,10.150710105896,95.54416666666748,94.04,76.11
PRT,2016,10.42017194499141,96.14666666666744,94.13,76.95
PRT,2017,11.05156993865967,96.7491666666674,94.83,77.68
PRT,2018,10.81169986724854,97.35166666666714,94.12,80.51
PRT,2019,10.89321994781494,98.12,96.24,82.26
PRT,2020,9.901789665222168,98.225,96.45,84.78999999999999
PRT,2021,10.08261966705322,99.325,98.65,89.87
PRT,2022,10.37423992156982,99.76166666666677,100.83150000000069,91.97624999999971
PRT,2023,9.930297714550676,,,
PRT,2024,9.860315681630595,,,
PRT,2025,9.790333648710487,,,
ROU,2000,8.187580108642578,97.73808823529419,95.47617647058826,75.9257647058821
ROU,2001,9.848819732666016,,,
ROU,2002,10.92234992980957,,,
ROU,2003,11.13906002044678,,,
ROU,2004,9.843310356140137,,,
ROU,2005,10.83668041229248,97.87062500000005,95.74125000000002,77.85649999999976
ROU,2006,12.71961975097656,97.78,95.56,78.43
ROU,2007,12.00496006011963,97.77,95.54,78.85
ROU,2008,11.61622047424316,97.805,95.61,79.41
ROU,2009,11.02128982543945,98.095,96.19,78.95
ROU,2010,9.129130363464355,97.905,95.81,79.58
ROU,2011,8.312990188598633,97.975,95.95,80.97999999999999
ROU,2012,8.435790061950684,98.23,96.46,80.75
ROU,2013,8.964130401611328,98.455,96.91,81.24
ROU,2014,9.256950378417969,98.475,96.95,80.93
ROU,2015,9.094510078430176,98.09,96.18,80.25
ROU,2016,9.510589599609377,98.135,96.27,81.47
ROU,2017,10.05265045166016,97.945,95.89,80.96
ROU,2018,10.46096038818359,98.24,96.48,83.5
ROU,2019,10.70549011230469,98.385,96.77,84.64
ROU,2020,9.399700164794922,98.19,96.38,84.45
ROU,2021,8.950240135192871,98.06,96.12,83.83
ROU,2022,8.77511978149414,98.32124999999999,96.6425,84.42099999999982
ROU,2023,9.257409570716604,,,
ROU,2024,9.19846854662238,,,
ROU,2025,9.139527522528141,,,
RUS,2000,8.951849937438965,100.04173770491803,98.70091803278686,83.52967213114778
RUS,2001,9.213359832763672,,,
RUS,2002,10.58384037017822,,,
RUS,2003,10.53168964385986,,,
RUS,2004,11.17590999603271,,,
RUS,2005,11.95057010650635,99.98419672131149,99.00731147540982,85.29524590163953
RUS,2006,12.42580032348633,99.97268852459018,99.06859016393442,85.64836065573786
RUS,2007,11.053958996418316,99.96118032786887,99.12986885245901,86.0014754098363
RUS,2008,11.95923042297363,99.94967213114757,99.19114754098361,86.35459016393463
RUS,2009,11.339537978710553,99.93816393442624,99.25242622950819,86.70770491803296
RUS,2010,11.48232746985667,99.92665573770493,99.31370491803278,87.06081967213129
RUS,2011,11.625116961002789,99.91514754098363,99.37498360655738,87.41393442622973
RUS,2012,11.14675998687744,99.90363934426232,99.43626229508197,87.76704918032806
RUS,2013,10.86184024810791,99.81,99.41,87.07000000000001
RUS,2014,11.4885196685791,99.88062295081969,99.55881967213115,88.47327868852472
RUS,2015,10.86946964263916,99.86911475409838,99.62009836065575,88.82639344262304
RUS,2016,10.98528003692627,99.85760655737707,99.68137704918034,89.17950819672149
RUS,2017,13.46508026123047,99.84609836065576,99.74265573770492,89.53262295081981
RUS,2018,14.34107971191406,100.0,100.0,91.34
RUS,2019,12.767432890171733,100.0,100.0,91.34
RUS,2020,12.910222381317851,99.59,99.72,91.19
RUS,2021,13.05301187246397,99.79,100.0,90.08
RUS,2022,13.19580136361003,99.76,100.0,90.06
RUS,2023,13.338590854756148,,,
RUS,2024,13.481380345902267,,,
RUS,2025,13.624169837048385,,,
SMR,2000,10.791617152604147,,,
SMR,2001,10.838514069262573,,,
SMR,2002,10.885410985921013,,,
SMR,2003,10.932307902579439,,,
SMR,2004,10.979204819237864,,,
SMR,2005,11.026101735896304,,,
SMR,2006,11.07299865255473,,,
SMR,2007,11.11989556921317,,,
SMR,2008,11.166792485871596,,,
SMR,2009,11.213689402530022,,,
SMR,2010,10.78129005432129,,,
SMR,2011,10.64035987854004,,,
SMR,2012,11.354380152505314,,,
SMR,2013,11.401277069163754,,,
SMR,2014,11.44817398582218,,,
SMR,2015,11.495070902480606,,,
SMR,2016,11.541967819139046,,,
SMR,2017,13.17934989929199,,,
SMR,2018,14.48633003234863,,,
SMR,2019,15.05992031097412,,,
SMR,2020,5.789347375,,,
SMR,2021,8.379810333251953,,,
SMR,2022,13.36878967285156,,,
SMR,2023,12.98976039886475,,,
SMR,2024,11.917143152406496,,,
SMR,2025,11.964040069064922,,,
SRB,2000,11.777875761726477,99.15929448185756,97.12733591195722,55.977827194471956
SRB,2001,11.60080755721367,,,
SRB,2002,11.423739352700863,,,
SRB,2003,11.246671148188057,,,
SRB,2004,11.06960294367525,,,
SRB,2005,10.892534739162386,99.04,97.21,64.34
SRB,2006,10.715466534649579,99.30157929060812,97.56996949430213,64.3410484206288
SRB,2007,9.976639747619627,99.32529342539988,97.64374175802628,65.73491862498804
SRB,2008,10.361330125623965,99.34900756019164,97.71751402175043,67.12878882934774
SRB,2009,10.48217964172363,99.3727216949834,97.79128628547458,68.52265903370699
SRB,2010,10.007193716598294,99.39643582977517,97.86505854919874,69.91652923806669
SRB,2011,10.17957019805908,99.95172119140624,98.3544692993164,68.65601348876953
SRB,2012,9.65305730757268,99.44386409935869,98.01260307664704,72.70426964678563
SRB,2013,9.475989103059874,99.46757823415045,98.08637534037119,74.09813985114488
SRB,2014,9.298920898547067,99.30680084228516,98.29647827148438,75.83912658691406
SRB,2015,9.121852694034203,99.51500650373399,98.23391986781952,76.88588025986382
SRB,2016,8.69299030303955,99.53872063852575,98.30769213154367,78.27975046422307
SRB,2017,9.256460189819336,99.5624347733175,98.38146439526783,79.67362066858277
SRB,2018,8.804280281066895,99.58614890810927,98.45523665899198,81.06749087294202
SRB,2019,8.604599952697754,99.50064849853516,98.26323699951172,83.37580871582031
SRB,2020,8.236511671470112,99.63357717769279,98.60278118644028,83.85523128166096
SRB,2021,7.086689949035645,99.65729131248455,98.67655345016443,85.24910148602066
SRB,2022,7.449689865112305,99.6810054472763,98.75032571388859,86.64297169037991
SRB,2023,8.383540153503418,,,
SRB,2024,7.528238853418884,,,
SRB,2025,7.35117064890602,,,
SVK,2000,7.265600204467773,,,
SVK,2001,8.526269912719727,,,
SVK,2002,9.24452018737793,,,
SVK,2003,10.579270362854,,,
SVK,2004,10.72064018249512,,,
SVK,2005,9.647489547729492,,,
SVK,2006,9.71280002593994,,,
SVK,2007,9.804280281066896,,,
SVK,2008,9.657059669494627,,,
SVK,2009,9.272170066833496,,,
SVK,2010,9.85927963256836,,,
SVK,2011,9.57921028137207,,,
SVK,2012,9.6274995803833,,,
SVK,2013,9.879949569702148,,,
SVK,2014,10.01690006256104,,,
SVK,2015,10.34344959259033,,,
SVK,2016,9.495800018310549,,,
SVK,2017,9.850279808044434,,,
SVK,2018,9.92531967163086,,,
SVK,2019,10.49930953979492,,,
SVK,2020,10.60756969451904,,,
SVK,2021,10.50737953186035,,,
SVK,2022,10.82808971405029,,,
SVK,2023,10.625231833325984,,,
SVK,2024,10.693819496471406,,,
SVK,2025,10.7624071596168,,,
SVN,2000,12.076755288359323,99.35547058823528,98.71094117647061,89.05454411764703
SVN,2001,11.82783031463623,,,
SVN,2002,12.01115989685059,,,
SVN,2003,12.09881019592285,,,
SVN,2004,12.12226009368896,,,
SVN,2005,12.09897994995117,99.41524999999999,98.83050000000003,90.08549999999997
SVN,2006,12.30090999603271,99.58,99.16,90.05
SVN,2007,11.81182956695557,99.595,99.19,91.67
SVN,2008,11.36485958099365,99.44,98.88,92.5
SVN,2009,11.24168968200684,99.51,99.02,90.64
SVN,2010,11.02781963348389,99.325,98.65,90.96
SVN,2011,10.85939979553223,99.215,98.43,90.36
SVN,2012,11.33905982971191,99.075,98.15,91.59
SVN,2013,9.47187042236328,99.49,98.98,91.91
SVN,2014,10.56888961791992,99.75,99.5,90.92
SVN,2015,10.0119800567627,99.785,99.57,90.82
SVN,2016,10.32664966583252,99.695,99.39,91.96
SVN,2017,10.81285953521729,99.615,99.23,91.12
SVN,2018,11.30204010009766,99.485,98.97,92.06
SVN,2019,11.27118968963623,99.375,98.75,92.95
SVN,2020,10.46212005615234,99.67,99.34,94.69
SVN,2021,10.80632019042969,99.665,99.33,95.21
SVN,2022,11.0809497833252,99.6185,99.23700000000002,93.59074999999996
SVN,2023,10.306833589231815,,,
SVN,2024,10.229880471878431,,,
SVN,2025,10.152927354525076,,,
SWE,2000,12.89867973327637,100.4768382352942,100.95367647058833,90.1890441176472
SWE,2001,12.78553009033203,,,
SWE,2002,13.1183500289917,,,
SWE,2003,12.83382987976074,,,
SWE,2004,12.91322994232178,,,
SWE,2005,12.73132991790771,100.03437500000007,100.06875000000008,88.86625000000015
SWE,2006,12.71201992034912,99.875,99.75,87.24
SWE,2007,12.76568031311035,99.805,99.61,87.08
SWE,2008,12.92362976074219,99.875,99.75,87.3
SWE,2009,13.12812042236328,99.88,99.76,88.22
SWE,2010,13.19379043579102,99.675,99.35,87.36
SWE,2011,13.04813003540039,99.57,99.14,87.82
SWE,2012,15.07507991790771,99.595,99.19,87.06
SWE,2013,14.88731956481934,99.37,98.74,87.19
SWE,2014,15.04500961303711,99.03,98.06,87.83999999999999
SWE,2015,15.18671035766602,98.945,97.89,88.49000000000001
SWE,2016,15.46417045593262,98.755,97.51,88.12
SWE,2017,15.53695011138916,98.98,97.96,86.32
SWE,2018,15.51504993438721,98.705,97.41,85.65
SWE,2019,15.74522972106934,98.43,96.86,85.18
SWE,2020,15.31173992156982,98.63,97.26,83.56
SWE,2021,15.54915046691895,99.395,98.79,81.45
SWE,2022,15.27604961395264,98.53000000000003,97.06,84.36875000000009
SWE,2023,16.052628483225703,,,
SWE,2024,16.21772150842571,,,
SWE,2025,16.382814533625663,,,
UKR,2000,11.35896968841553,99.52606481698844,98.16508235051097,87.62579989624032
UKR,2001,12.81095027923584,,,
UKR,2002,14.36096000671387,,,
UKR,2003,14.41952037811279,,,
UKR,2004,12.7817497253418,,,
UKR,2005,13.73865032196045,99.44,98.73,91.69
UKR,2006,13.92323017120361,99.57006611750677,98.75065645658063,91.0898539733887
UKR,2007,14.03619003295898,99.74104309082033,98.74566650390624,90.21549987792967
UKR,2008,13.55782985687256,99.58473321767954,98.9458478252705,92.24453866577142
UKR,2009,15.05482006072998,99.59206676776594,99.04344350961546,92.82188101196266
UKR,2010,13.268027534415552,99.59940031785233,99.14103919396041,93.39922335815413
UKR,2011,13.48431968688965,99.60673386793871,99.23863487830536,93.9765657043456
UKR,2012,13.66551971435547,99.6140674180251,99.33623056265029,94.55390805053685
UKR,2013,13.86763954162598,99.58049011230467,99.45947265625,95.28717041015624
UKR,2014,13.12135028839111,99.62873451819789,99.53142193134019,95.70859274291956
UKR,2015,12.4049319402434,99.63606806828427,99.62901761568511,96.28593508911104
UKR,2016,12.28328990936279,99.64340161837066,99.72661330003007,96.8632774353025
UKR,2017,12.99993991851807,99.65073516845705,99.82420898437502,97.44061978149375
UKR,2018,12.69019985198975,99.65806871854343,99.92180466871994,98.01796212768522
UKR,2019,13.11063003540039,99.66540226862983,100.0194003530649,98.71359252929688
UKR,2020,11.80327987670898,99.67273581871622,100.11699603740985,99.17264682006794
UKR,2021,12.69548988342285,99.6800693688026,100.21459172175477,99.74998916625941
UKR,2022,12.767172566118532,99.68740291888899,100.31218740609972,100.32733151245066
UKR,2023,12.725434652093767,,,
UKR,2024,12.683696738069017,,,
UKR,2025,12.641958824044266,,,
