Country Code,Country Name,wkhtot,tvtot_hours,sclmeet,n_respondents,year,wkhtot_imputed,tvtot_hours_imputed,sclmeet_imputed
ALB,Albania,49.7317668671896,2.062538152462447,4.6393782801348635,0.0,2002,True,True,True
ALB,Albania,49.7317668671896,2.062538152462447,4.6393782801348635,0.0,2003,True,True,True
ALB,Albania,49.7317668671896,2.062538152462447,4.6393782801348635,0.0,2004,True,True,True
ALB,Albania,49.7317668671896,2.062538152462447,4.6393782801348635,0.0,2005,True,True,True
ALB,Albania,49.7317668671896,2.062538152462447,4.6393782801348635,0.0,2006,True,True,True
ALB,Albania,49.7317668671896,2.062538152462447,4.6393782801348635,0.0,2007,True,True,True
ALB,Albania,49.7317668671896,2.062538152462447,4.6393782801348635,0.0,2008,True,True,True
ALB,Albania,49.7317668671896,2.062538152462447,4.6393782801348635,0.0,2009,True,True,True
ALB,Albania,49.7317668671896,2.062538152462447,4.6393782801348635,0.0,2010,True,True,True
ALB,Albania,49.7317668671896,2.062538152462447,4.6393782801348635,0.0,2011,True,True,True
ALB,Albania,49.7317668671896,2.062538152462447,4.6393782801348635,1201.0,2012,False,False,False
ALB,Albania,49.7317668671896,2.062538152462447,4.6393782801348635,0.0,2013,True,True,True
ALB,Albania,49.7317668671896,2.062538152462447,4.6393782801348635,0.0,2014,True,True,True
ALB,Albania,49.7317668671896,2.062538152462447,4.6393782801348635,0.0,2015,True,True,True
ALB,Albania,49.7317668671896,2.062538152462447,4.6393782801348635,0.0,2016,True,True,True
ALB,Albania,49.7317668671896,2.062538152462447,4.6393782801348635,0.0,2017,True,True,True
ALB,Albania,49.7317668671896,2.062538152462447,4.6393782801348635,0.0,2018,True,True,True
ALB,Albania,49.7317668671896,2.062538152462447,4.6393782801348635,0.0,2019,True,True,True
ALB,Albania,49.7317668671896,2.062538152462447,4.6393782801348635,0.0,2020,True,True,True
ALB,Albania,49.7317668671896,2.062538152462447,4.6393782801348635,0.0,2021,True,True,True
ALB,Albania,49.7317668671896,2.062538152462447,4.6393782801348635,0.0,2022,True,True,True
AUT,Austria,41.073201049045274,1.6164592583381774,5.0731074094279895,2257.0,2002,False,False,False
AUT,Austria,40.50238822396989,1.6394190455977238,5.117644102221494,0.0,2003,True,True,True
AUT,Austria,39.931575398894495,1.6623788328572702,5.162180795014999,0.0,2004,True,True,True
AUT,Austria,39.36076257381911,1.6853386201168163,5.206717487808504,0.0,2005,True,True,True
AUT,Austria,38.78994974874372,1.7082984073763627,5.251254180602008,2405.0,2006,False,False,False
AUT,Austria,38.87072922721563,1.726103164101751,5.212974469411456,0.0,2007,True,True,True
AUT,Austria,38.95150870568753,1.743907920827139,5.174694758220905,0.0,2008,True,True,True
AUT,Austria,39.032288184159434,1.7617126775525274,5.136415047030353,0.0,2009,True,True,True
AUT,Austria,39.11306766263134,1.7795174342779156,5.098135335839801,0.0,2010,True,True,True
AUT,Austria,39.193847141103234,1.797322191003304,5.05985562464925,0.0,2011,True,True,True
AUT,Austria,39.27462661957514,1.8151269477286922,5.021575913458698,0.0,2012,True,True,True
AUT,Austria,39.35540609804704,1.8329317044540803,4.983296202268147,0.0,2013,True,True,True
AUT,Austria,39.436185576518945,1.8507364611794686,4.945016491077595,1795.0,2014,False,False,False
AUT,Austria,39.239890359011014,1.8507364611794686,4.953227799165344,0.0,2015,True,True,True
AUT,Austria,39.043595141503076,1.8507364611794686,4.961439107253091,2010.0,2016,False,True,False
AUT,Austria,39.00402777615062,1.8507364611794686,5.024475298460093,0.0,2017,True,True,True
AUT,Austria,38.964460410798175,1.8507364611794686,5.087511489667094,2499.0,2018,False,True,False
AUT,Austria,38.697761417772185,1.8507364611794686,5.058268783824276,0.0,2019,True,True,True
AUT,Austria,38.43106242474619,1.8507364611794686,5.029026077981458,0.0,2020,True,True,True
AUT,Austria,38.1643634317202,1.8507364611794686,4.999783372138639,0.0,2021,True,True,True
AUT,Austria,37.89766443869421,1.8507364611794686,4.970540666295821,2354.0,2022,False,True,False
BEL,Belgium,39.74703134331959,1.949167464982804,5.139552142382992,1899.0,2002,False,False,False
BEL,Belgium,39.643661882654825,1.9513778234312076,5.155081934085294,0.0,2003,True,True,True
BEL,Belgium,39.54029242199005,1.9535881818796113,5.170611725787596,0.0,2004,True,True,True
BEL,Belgium,39.43692296132528,1.955798540328015,5.186141517489899,0.0,2005,True,True,True
BEL,Belgium,39.333553500660514,1.9580088987764186,5.201671309192201,1798.0,2006,False,False,False
BEL,Belgium,39.191414998618,1.9809122391436425,5.173604806475056,0.0,2007,True,True,True
BEL,Belgium,39.049276496575494,2.0038155795108663,5.1455383037579105,1760.0,2008,False,False,False
BEL,Belgium,38.688268921988296,1.9824946529057246,5.177316749004147,0.0,2009,True,True,True
BEL,Belgium,38.327261347401105,1.9611737263005828,5.209095194250383,1704.0,2010,False,False,False
BEL,Belgium,38.310032003542936,1.9308272643650704,5.1349050993432055,0.0,2011,True,True,True
BEL,Belgium,38.29280265968477,1.9004808024295579,5.060715004436028,1869.0,2012,False,False,False
BEL,Belgium,38.5354873653696,1.891087851897029,5.0943613078537755,0.0,2013,True,True,True
BEL,Belgium,38.77817207105443,1.8816949013645001,5.128007611271524,1769.0,2014,False,False,False
BEL,Belgium,38.325284867955375,1.8816949013645001,5.117937082762732,0.0,2015,True,True,True
BEL,Belgium,37.87239766485633,1.8816949013645001,5.10786655425394,1766.0,2016,False,True,False
BEL,Belgium,38.40125587086172,1.8816949013645001,5.123739478307151,0.0,2017,True,True,True
BEL,Belgium,38.93011407686711,1.8816949013645001,5.139612402360361,1767.0,2018,False,True,False
BEL,Belgium,38.336647183074966,1.8816949013645001,5.144623791194362,0.0,2019,True,True,True
BEL,Belgium,37.74318028928282,1.8816949013645001,5.149635180028363,1341.0,2020,False,True,False
BEL,Belgium,37.71875445055181,1.8816949013645001,5.124017558119476,0.0,2021,True,True,True
BEL,Belgium,37.694328611820815,1.8816949013645001,5.09839993621059,1594.0,2022,False,True,False
BGR,Bulgaria,42.999073215940705,2.3903887688984886,4.750728862973762,0.0,2002,True,True,True
BGR,Bulgaria,42.999073215940705,2.3903887688984886,4.750728862973762,0.0,2003,True,True,True
BGR,Bulgaria,42.999073215940705,2.3903887688984886,4.750728862973762,0.0,2004,True,True,True
BGR,Bulgaria,42.999073215940705,2.3903887688984886,4.750728862973762,0.0,2005,True,True,True
BGR,Bulgaria,42.999073215940705,2.3903887688984886,4.750728862973762,1400.0,2006,False,False,False
BGR,Bulgaria,43.4002445882151,2.380993979823912,4.86341526476329,0.0,2007,True,True,True
BGR,Bulgaria,43.80141596048951,2.371599190749335,4.976101666552817,2230.0,2008,False,False,False
BGR,Bulgaria,43.34408467183742,2.454873784325832,4.937338734882267,0.0,2009,True,True,True
BGR,Bulgaria,42.88675338318533,2.5381483779023295,4.898575803211716,2434.0,2010,False,False,False
BGR,Bulgaria,43.072551302285525,2.511427576213789,4.826162657450766,0.0,2011,True,True,True
BGR,Bulgaria,43.25834922138572,2.4847067745252485,4.753749511689817,2260.0,2012,False,False,False
BGR,Bulgaria,42.83500562212095,2.4847067745252485,4.766077650229828,0.0,2013,True,True,True
BGR,Bulgaria,42.411662022856184,2.4847067745252485,4.77840578876984,0.0,2014,True,True,True
BGR,Bulgaria,41.98831842359141,2.4847067745252485,4.7907339273098515,0.0,2015,True,True,True
BGR,Bulgaria,41.56497482432664,2.4847067745252485,4.803062065849863,0.0,2016,True,True,True
BGR,Bulgaria,41.14163122506187,2.4847067745252485,4.815390204389875,0.0,2017,True,True,True
BGR,Bulgaria,40.7182876257971,2.4847067745252485,4.827718342929886,2198.0,2018,False,True,False
BGR,Bulgaria,41.5963993023827,2.4847067745252485,5.035889262786917,0.0,2019,True,True,True
BGR,Bulgaria,42.4745109789683,2.4847067745252485,5.244060182643947,2718.0,2020,False,True,False
BGR,Bulgaria,42.99661248098148,2.4847067745252485,5.103082870780875,0.0,2021,True,True,True
BGR,Bulgaria,43.51871398299467,2.4847067745252485,4.962105558917802,2239.0,2022,False,True,False
HRV,Croatia,45.94105197337315,2.2490234715771242,5.472445353322762,0.0,2002,True,True,True
HRV,Croatia,45.94105197337315,2.2490234715771242,5.472445353322762,0.0,2003,True,True,True
HRV,Croatia,45.94105197337315,2.2490234715771242,5.472445353322762,0.0,2004,True,True,True
HRV,Croatia,45.94105197337315,2.2490234715771242,5.472445353322762,0.0,2005,True,True,True
HRV,Croatia,45.94105197337315,2.2490234715771242,5.472445353322762,0.0,2006,True,True,True
HRV,Croatia,45.94105197337315,2.2490234715771242,5.472445353322762,0.0,2007,True,True,True
HRV,Croatia,45.94105197337315,2.2490234715771242,5.472445353322762,1484.0,2008,False,False,False
HRV,Croatia,45.79265974535831,2.085158189933461,5.366798475985204,0.0,2009,True,True,True
HRV,Croatia,45.644267517343465,1.9212929082897978,5.261151598647648,1649.0,2010,False,False,False
HRV,Croatia,45.216105618849184,1.9212929082897978,5.2812548677746625,0.0,2011,True,True,True
HRV,Croatia,44.78794372035491,1.9212929082897978,5.301358136901677,0.0,2012,True,True,True
HRV,Croatia,44.35978182186063,1.9212929082897978,5.321461406028692,0.0,2013,True,True,True
HRV,Croatia,43.931619923366355,1.9212929082897978,5.3415646751557055,0.0,2014,True,True,True
HRV,Croatia,43.503458024872074,1.9212929082897978,5.36166794428272,0.0,2015,True,True,True
HRV,Croatia,43.07529612637779,1.9212929082897978,5.381771213409735,0.0,2016,True,True,True
HRV,Croatia,42.64713422788352,1.9212929082897978,5.4018744825367495,0.0,2017,True,True,True
HRV,Croatia,42.21897232938924,1.9212929082897978,5.421977751663764,1810.0,2018,False,True,False
HRV,Croatia,42.14219373361852,1.9212929082897978,5.295658645655613,0.0,2019,True,True,True
HRV,Croatia,42.0654151378478,1.9212929082897978,5.169339539647462,1592.0,2020,False,True,False
HRV,Croatia,41.959242097488826,1.9212929082897978,5.225937990582548,0.0,2021,True,True,True
HRV,Croatia,41.853069057129844,1.9212929082897978,5.282536441517633,1563.0,2022,False,True,False
CYP,Cyprus,42.059405940594054,2.3959798994974872,4.226987447698744,0.0,2002,True,True,True
CYP,Cyprus,42.059405940594054,2.3959798994974872,4.226987447698744,0.0,2003,True,True,True
CYP,Cyprus,42.059405940594054,2.3959798994974872,4.226987447698744,0.0,2004,True,True,True
CYP,Cyprus,42.059405940594054,2.3959798994974872,4.226987447698744,0.0,2005,True,True,True
CYP,Cyprus,42.059405940594054,2.3959798994974872,4.226987447698744,995.0,2006,False,False,False
CYP,Cyprus,42.314555614311104,2.4574037351259204,4.25783783561212,0.0,2007,True,True,True
CYP,Cyprus,42.569705288028146,2.5188275707543535,4.288688223525496,1215.0,2008,False,False,False
CYP,Cyprus,40.613860407943775,2.465133292759755,4.32865072258984,0.0,2009,True,True,True
CYP,Cyprus,38.6580155278594,2.411439014765156,4.368613221654185,1083.0,2010,False,False,False
CYP,Cyprus,39.92409413469924,2.2979652039149028,4.385920782918017,0.0,2011,True,True,True
CYP,Cyprus,41.19017274153908,2.1844913930646497,4.403228344181849,1116.0,2012,False,False,False
CYP,Cyprus,41.14349670435642,2.1844913930646497,4.392848293703038,0.0,2013,True,True,True
CYP,Cyprus,41.09682066717376,2.1844913930646497,4.382468243224227,0.0,2014,True,True,True
CYP,Cyprus,41.0501446299911,2.1844913930646497,4.372088192745416,0.0,2015,True,True,True
CYP,Cyprus,41.003468592808446,2.1844913930646497,4.361708142266604,0.0,2016,True,True,True
CYP,Cyprus,40.95679255562578,2.1844913930646497,4.351328091787793,0.0,2017,True,True,True
CYP,Cyprus,40.910116518443125,2.1844913930646497,4.340948041308982,781.0,2018,True,True,False
CYP,Cyprus,40.86344048126047,2.1844913930646497,4.271602461874064,0.0,2019,True,True,True
CYP,Cyprus,40.81676444407781,2.1844913930646497,4.202256882439146,0.0,2020,True,True,True
CYP,Cyprus,40.77008840689515,2.1844913930646497,4.132911303004229,0.0,2021,True,True,True
CYP,Cyprus,40.72341236971249,2.1844913930646497,4.063565723569311,685.0,2022,False,True,False
CZE,Czechia,43.51625683312171,2.0965156954382866,4.5578796760772455,1360.0,2002,False,False,False
CZE,Czechia,43.501415594154786,2.0927264200269295,4.5984434238544605,0.0,2003,True,True,True
CZE,Czechia,43.48657435518786,2.088937144615573,4.6390071716316745,0.0,2004,True,True,True
CZE,Czechia,43.47173311622093,2.085147869204216,4.679570919408889,0.0,2005,True,True,True
CZE,Czechia,43.45689187725401,2.0813585937928587,4.7201346671861035,0.0,2006,True,True,True
CZE,Czechia,43.442050638287085,2.077569318381502,4.7606984149633185,0.0,2007,True,True,True
CZE,Czechia,43.42720939932016,2.073780042970145,4.8012621627405325,2018.0,2008,False,False,False
CZE,Czechia,43.531386164335956,2.171001779622569,4.740441277004605,0.0,2009,True,True,True
CZE,Czechia,43.63556292935175,2.2682235162749933,4.679620391268678,2386.0,2010,False,False,False
CZE,Czechia,43.5730254137928,2.309677924632505,4.681815383482146,0.0,2011,True,True,True
CZE,Czechia,43.51048789823385,2.3511323329900167,4.684010375695614,2009.0,2012,False,False,False
CZE,Czechia,42.96004733150998,2.2806009217288055,4.593562036058796,0.0,2013,True,True,True
CZE,Czechia,42.40960676478612,2.2100695104675943,4.503113696421979,2148.0,2014,False,False,False
CZE,Czechia,42.229178646554246,2.2100695104675943,4.653723524839857,0.0,2015,True,True,True
CZE,Czechia,42.048750528322365,2.2100695104675943,4.804333353257736,2269.0,2016,False,True,False
CZE,Czechia,42.18955307488839,2.2100695104675943,4.720283934721687,0.0,2017,True,True,True
CZE,Czechia,42.33035562145441,2.2100695104675943,4.636234516185639,2398.0,2018,False,True,False
CZE,Czechia,42.36319858186846,2.2100695104675943,4.569589252948747,0.0,2019,True,True,True
CZE,Czechia,42.396041542282504,2.2100695104675943,4.502943989711854,2476.0,2020,False,True,False
CZE,Czechia,42.396041542282504,2.2100695104675943,4.502943989711854,0.0,2021,True,True,True
CZE,Czechia,42.396041542282504,2.2100695104675943,4.502943989711854,0.0,2022,True,True,True
DNK,Denmark,36.9823216488541,2.0266991741157985,5.3907630039911645,1506.0,2002,False,False,False
DNK,Denmark,36.960872929838835,1.987943263565572,5.378352626825149,0.0,2003,True,True,True
DNK,Denmark,36.939424210823574,1.9491873530153458,5.365942249659133,0.0,2004,True,True,True
DNK,Denmark,36.917975491808306,1.9104314424651196,5.353531872493117,0.0,2005,True,True,True
DNK,Denmark,36.896526772793045,1.8716755319148932,5.341121495327101,1505.0,2006,False,False,False
DNK,Denmark,36.45716596529911,1.9040636743079922,5.395466950868663,0.0,2007,True,True,True
DNK,Denmark,36.01780515780517,1.9364518167010911,5.449812406410223,1610.0,2008,False,False,False
DNK,Denmark,35.567849092679225,1.9774342783605925,5.482593546550717,0.0,2009,True,True,True
DNK,Denmark,35.11789302755327,2.018416740020094,5.515374686691212,1576.0,2010,False,False,False
DNK,Denmark,34.560146819887095,1.9672432484829283,5.4288386014980565,0.0,2011,True,True,True
DNK,Denmark,34.00240061222092,1.9160697569457625,5.342302516304901,1650.0,2012,False,False,False
DNK,Denmark,34.70165492575026,1.888000202060923,5.327874617762797,0.0,2013,True,True,True
DNK,Denmark,35.40090923927961,1.8599306471760837,5.313446719220692,1502.0,2014,False,False,False
DNK,Denmark,35.24797278420045,1.8599306471760837,5.356542272481026,0.0,2015,True,True,True
DNK,Denmark,35.095036329121285,1.8599306471760837,5.39963782574136,0.0,2016,True,True,True
DNK,Denmark,34.94209987404213,1.8599306471760837,5.4427333790016945,0.0,2017,True,True,True
DNK,Denmark,34.789163418962964,1.8599306471760837,5.485828932262029,1572.0,2018,False,True,False
DNK,Denmark,34.789163418962964,1.8599306471760837,5.485828932262029,0.0,2019,True,True,True
DNK,Denmark,34.789163418962964,1.8599306471760837,5.485828932262029,0.0,2020,True,True,True
DNK,Denmark,34.789163418962964,1.8599306471760837,5.485828932262029,0.0,2021,True,True,True
DNK,Denmark,34.789163418962964,1.8599306471760837,5.485828932262029,0.0,2022,True,True,True
EST,Estonia,42.17866004962779,2.0115511551155114,4.828021248339973,0.0,2002,True,True,True
EST,Estonia,42.17866004962779,2.0115511551155114,4.828021248339973,0.0,2003,True,True,True
EST,Estonia,42.17866004962779,2.0115511551155114,4.828021248339973,0.0,2004,True,True,True
EST,Estonia,42.17866004962779,2.0115511551155114,4.828021248339973,0.0,2005,True,True,True
EST,Estonia,42.17866004962779,2.0115511551155114,4.828021248339973,1517.0,2006,False,False,False
EST,Estonia,41.83659260461588,2.0614357672295682,4.73485835121544,0.0,2007,True,True,True
EST,Estonia,41.494525159603974,2.1113203793436246,4.641695454090907,1661.0,2008,False,False,False
EST,Estonia,41.6798944419369,2.0874821294846955,4.484211809396608,0.0,2009,True,True,True
EST,Estonia,41.86526372426983,2.063643879625766,4.326728164702309,1793.0,2010,False,False,False
EST,Estonia,41.394351074755484,1.9929237110099396,4.286151220694078,0.0,2011,True,True,True
EST,Estonia,40.92343842524114,1.922203542394113,4.245574276685847,2380.0,2012,False,False,False
EST,Estonia,40.83961857002805,1.8790421886306394,4.243011690337743,0.0,2013,True,True,True
EST,Estonia,40.75579871481497,1.8358808348671658,4.240449103989638,2051.0,2014,False,False,False
EST,Estonia,40.45895034800578,1.8358808348671658,4.28296558594505,0.0,2015,True,True,True
EST,Estonia,40.162101981196585,1.8358808348671658,4.325482067900462,2019.0,2016,False,True,False
EST,Estonia,39.85142149317454,1.8358808348671658,4.302808289558269,0.0,2017,True,True,True
EST,Estonia,39.54074100515249,1.8358808348671658,4.280134511216075,1904.0,2018,False,True,False
EST,Estonia,39.81424895794662,1.8358808348671658,4.249191501328699,0.0,2019,True,True,True
EST,Estonia,40.087756910740744,1.8358808348671658,4.218248491441324,1542.0,2020,False,True,False
EST,Estonia,39.42944621574623,1.8358808348671658,4.232288671295526,0.0,2021,True,True,True
EST,Estonia,38.77113552075172,1.8358808348671658,4.246328851149729,1293.0,2022,False,True,False
FIN,Finland,40.04805457368025,1.7368601146834097,5.162983188437315,2000.0,2002,False,False,False
FIN,Finland,39.997699107962504,1.7397163261180981,5.149018393966509,0.0,2003,True,True,True
FIN,Finland,39.94734364224476,1.7425725375527867,5.135053599495702,0.0,2004,True,True,True
FIN,Finland,39.896988176527024,1.7454287489874751,5.121088805024895,0.0,2005,True,True,True
FIN,Finland,39.84663271080928,1.7482849604221635,5.107124010554089,1896.0,2006,False,False,False
FIN,Finland,39.778359185898154,1.7065971653754328,5.106285260906617,0.0,2007,True,True,True
FIN,Finland,39.710085660987026,1.664909370328702,5.105446511259145,2195.0,2008,False,False,False
FIN,Finland,39.428314372510364,1.6725352081015614,5.108774509741107,0.0,2009,True,True,True
FIN,Finland,39.1465430840337,1.680161045874421,5.112102508223069,1878.0,2010,False,False,False
FIN,Finland,38.97785981691391,1.6587704994154613,5.069594991157368,0.0,2011,True,True,True
FIN,Finland,38.809176549794124,1.6373799529565016,5.027087474091666,2197.0,2012,False,False,False
FIN,Finland,38.77855920454455,1.6276455373262928,5.039823182698073,0.0,2013,True,True,True
FIN,Finland,38.74794185929497,1.617911121696084,5.052558891304479,2087.0,2014,False,False,False
FIN,Finland,38.679367990131034,1.617911121696084,5.021613060661622,0.0,2015,True,True,True
FIN,Finland,38.6107941209671,1.617911121696084,4.990667230018764,1925.0,2016,False,True,False
FIN,Finland,38.42382175757673,1.617911121696084,5.001707119843028,0.0,2017,True,True,True
FIN,Finland,38.23684939418636,1.617911121696084,5.01274700966729,1755.0,2018,False,True,False
FIN,Finland,37.08568943215383,1.617911121696084,4.8875957025049095,0.0,2019,True,True,True
FIN,Finland,35.9345294701213,1.617911121696084,4.762444395342529,1577.0,2020,False,True,False
FIN,Finland,35.79391226345893,1.617911121696084,4.8303479829250735,0.0,2021,True,True,True
FIN,Finland,35.65329505679656,1.617911121696084,4.898251570507618,1563.0,2022,False,True,False
FRA,France,39.65857505869791,1.9587263237889052,5.193668127696801,1503.0,2002,False,False,False
FRA,France,39.52195819985303,1.9629049443530138,5.185658950757495,0.0,2003,True,True,True
FRA,France,39.38534134100814,1.9670835649171223,5.177649773818189,0.0,2004,True,True,True
FRA,France,39.248724482163254,1.9712621854812309,5.169640596878882,0.0,2005,True,True,True
FRA,France,39.11210762331837,1.9754408060453394,5.161631419939575,1986.0,2006,False,False,False
FRA,France,39.25876334966459,1.9705155291379732,5.187878126145636,0.0,2007,True,True,True
FRA,France,39.405419076010816,1.9655902522306072,5.214124832351695,2073.0,2008,False,False,False
FRA,France,39.19498782648917,1.955456540803905,5.165132895886256,0.0,2009,True,True,True
FRA,France,38.98455657696753,1.9453228293772031,5.116140959420815,1728.0,2010,False,False,False
FRA,France,39.49364687089505,1.992014533221416,5.149975639442982,0.0,2011,True,True,True
FRA,France,40.00273716482256,2.038706237065629,5.183810319465147,1968.0,2012,False,False,False
FRA,France,39.659212599566324,1.9729624136277133,5.151448534798597,0.0,2013,True,True,True
FRA,France,39.315688034310085,1.907218590189798,5.119086750132046,1917.0,2014,False,False,False
FRA,France,39.39234542108534,1.907218590189798,5.1946196934388515,0.0,2015,True,True,True
FRA,France,39.46900280786058,1.907218590189798,5.2701526367456575,2070.0,2016,False,True,False
FRA,France,39.22318111592858,1.907218590189798,5.222545592979526,0.0,2017,True,True,True
FRA,France,38.97735942399658,1.907218590189798,5.174938549213395,2010.0,2018,False,True,False
FRA,France,39.04081953384342,1.907218590189798,5.169775755257685,0.0,2019,True,True,True
FRA,France,39.104279643690255,1.907218590189798,5.164612961301977,1977.0,2020,False,True,False
FRA,France,38.77455003282174,1.907218590189798,5.2134582247087184,0.0,2021,True,True,True
FRA,France,38.44482042195323,1.907218590189798,5.262303488115461,1771.0,2022,False,True,False
DEU,Germany,39.36353732395159,1.9981656017017855,4.868132732533592,2919.0,2002,False,False,False
DEU,Germany,39.52255526036009,1.979155933694864,4.832527630416329,0.0,2003,True,True,True
DEU,Germany,39.6815731967686,1.9601462656879427,4.796922528299065,0.0,2004,True,True,True
DEU,Germany,39.840591133177114,1.9411365976810215,4.761317426181802,0.0,2005,True,True,True
DEU,Germany,39.99960906958562,1.9221269296741001,4.7257123240645384,2916.0,2006,False,False,False
DEU,Germany,39.379667021558205,1.9111569839074725,4.764826253908377,0.0,2007,True,True,True
DEU,Germany,38.759724973530794,1.9001870381408448,4.803940183752216,2751.0,2008,False,False,False
DEU,Germany,38.58632478361239,1.9003693857099866,4.834899415040239,0.0,2009,True,True,True
DEU,Germany,38.41292459369399,1.9005517332791286,4.8658586463282605,3031.0,2010,False,False,False
DEU,Germany,38.24673863807903,1.8521631049780596,4.835172912105416,0.0,2011,True,True,True
DEU,Germany,38.080552682464074,1.8037744766769903,4.804487177882572,2958.0,2012,False,False,False
DEU,Germany,37.659531452294644,1.7794625376935431,4.7906435709803254,0.0,2013,True,True,True
DEU,Germany,37.238510222125214,1.7551505987100962,4.776799964078078,3045.0,2014,False,False,False
DEU,Germany,37.359634068002904,1.7551505987100962,4.832774677821687,0.0,2015,True,True,True
DEU,Germany,37.4807579138806,1.7551505987100962,4.8887493915652955,2852.0,2016,False,True,False
DEU,Germany,37.17276250623732,1.7551505987100962,4.8583650386082695,0.0,2017,True,True,True
DEU,Germany,36.86476709859404,1.7551505987100962,4.827980685651244,2358.0,2018,False,True,False
DEU,Germany,36.55793693244552,1.7551505987100962,4.824409125418404,0.0,2019,True,True,True
DEU,Germany,36.25110676629701,1.7551505987100962,4.820837565185562,0.0,2020,True,True,True
DEU,Germany,35.9442766001485,1.7551505987100962,4.817266004952721,0.0,2021,True,True,True
DEU,Germany,35.63744643399998,1.7551505987100962,4.81369444471988,2420.0,2022,False,True,False
GRC,Greece,48.41657118979756,2.280773179898809,4.216885365533556,2566.0,2002,False,False,False
GRC,Greece,47.966205186106464,2.27488292194074,4.205595761299741,0.0,2003,True,True,True
GRC,Greece,47.51583918241537,2.2689926639826714,4.194306157065927,0.0,2004,True,True,True
GRC,Greece,47.065473178724275,2.2631024060246023,4.183016552832112,0.0,2005,True,True,True
GRC,Greece,46.615107175033174,2.2572121480665333,4.171726948598297,0.0,2006,True,True,True
GRC,Greece,46.16474117134208,2.2513218901084646,4.160437344364483,0.0,2007,True,True,True
GRC,Greece,45.714375167650985,2.2454316321503955,4.149147740130668,2072.0,2008,False,False,False
GRC,Greece,45.71061496347649,2.2617461261010563,4.009678594640916,0.0,2009,True,True,True
GRC,Greece,45.70685475930199,2.2780606200517175,3.8702094491511643,2715.0,2010,False,False,False
GRC,Greece,45.19962120477805,2.2780606200517175,3.8584082702844347,0.0,2011,True,True,True
GRC,Greece,44.6923876502541,2.2780606200517175,3.846607091417705,0.0,2012,True,True,True
GRC,Greece,44.185154095730155,2.2780606200517175,3.8348059125509755,0.0,2013,True,True,True
GRC,Greece,43.67792054120621,2.2780606200517175,3.823004733684246,0.0,2014,True,True,True
GRC,Greece,43.17068698668227,2.2780606200517175,3.8112035548175163,0.0,2015,True,True,True
GRC,Greece,42.66345343215832,2.2780606200517175,3.799402375950787,0.0,2016,True,True,True
GRC,Greece,42.15621987763438,2.2780606200517175,3.7876011970840575,0.0,2017,True,True,True
GRC,Greece,41.648986323110435,2.2780606200517175,3.775800018217328,0.0,2018,True,True,True
GRC,Greece,41.141752768586485,2.2780606200517175,3.7639988393505983,0.0,2019,True,True,True
GRC,Greece,40.63451921406254,2.2780606200517175,3.7521976604838687,2799.0,2020,False,True,False
GRC,Greece,42.1658833874833,2.2780606200517175,3.963115458414194,0.0,2021,True,True,True
GRC,Greece,43.69724756090405,2.2780606200517175,4.1740332563445195,2757.0,2022,False,True,False
HUN,Hungary,44.41315397319313,1.9806610636341364,3.828917467706913,1685.0,2002,False,False,False
HUN,Hungary,44.16801595011429,1.980678604049713,3.800165358525735,0.0,2003,True,True,True
HUN,Hungary,43.922877927035444,1.9806961444652897,3.7714132493445574,0.0,2004,True,True,True
HUN,Hungary,43.6777399039566,1.9807136848808664,3.74266114016338,0.0,2005,True,True,True
HUN,Hungary,43.432601880877755,1.980731225296443,3.7139090309822023,1518.0,2006,False,False,False
HUN,Hungary,42.943896881056816,1.9741335595658183,3.7454078771871284,0.0,2007,True,True,True
HUN,Hungary,42.45519188123588,1.9675358938351935,3.776906723392055,1544.0,2008,False,False,False
HUN,Hungary,42.68786762773302,1.9485535758409607,3.749428831779153,0.0,2009,True,True,True
HUN,Hungary,42.92054337423016,1.929571257846728,3.7219509401662507,1561.0,2010,False,False,False
HUN,Hungary,42.3497116128615,1.980602338674173,3.59189809719929,0.0,2011,True,True,True
HUN,Hungary,41.77887985149283,2.0316334195016177,3.461845254232329,2014.0,2012,False,False,False
HUN,Hungary,41.51349002359585,2.04354847573334,3.5103126114350305,0.0,2013,True,True,True
HUN,Hungary,41.24810019569886,2.0554635319650627,3.5587799686377317,1698.0,2014,False,False,False
HUN,Hungary,41.542823898203096,2.0554635319650627,3.5139400583109195,0.0,2015,True,True,True
HUN,Hungary,41.83754760070734,2.0554635319650627,3.469100147984107,1614.0,2016,False,True,False
HUN,Hungary,41.681613000163225,2.0554635319650627,3.450558081573428,0.0,2017,True,True,True
HUN,Hungary,41.52567839961911,2.0554635319650627,3.432016015162749,1661.0,2018,False,True,False
HUN,Hungary,41.693419089573524,2.0554635319650627,3.469667933235237,0.0,2019,True,True,True
HUN,Hungary,41.86115977952794,2.0554635319650627,3.5073198513077255,1849.0,2020,False,True,False
HUN,Hungary,41.77013935510135,2.0554635319650627,3.4932675313412274,0.0,2021,True,True,True
HUN,Hungary,41.67911893067477,2.0554635319650627,3.4792152113747297,2118.0,2022,False,True,False
ISL,Iceland,41.06326281106899,1.5269700637399435,5.376819152729514,0.0,2002,True,True,True
ISL,Iceland,41.06326281106899,1.5269700637399435,5.376819152729514,0.0,2003,True,True,True
ISL,Iceland,41.06326281106899,1.5269700637399435,5.376819152729514,0.0,2004,True,True,True
ISL,Iceland,41.06326281106899,1.5269700637399435,5.376819152729514,0.0,2005,True,True,True
ISL,Iceland,41.06326281106899,1.5269700637399435,5.376819152729514,0.0,2006,True,True,True
ISL,Iceland,41.06326281106899,1.5269700637399435,5.376819152729514,0.0,2007,True,True,True
ISL,Iceland,41.06326281106899,1.5269700637399435,5.376819152729514,0.0,2008,True,True,True
ISL,Iceland,41.06326281106899,1.5269700637399435,5.376819152729514,0.0,2009,True,True,True
ISL,Iceland,41.06326281106899,1.5269700637399435,5.376819152729514,0.0,2010,True,True,True
ISL,Iceland,41.06326281106899,1.5269700637399435,5.376819152729514,0.0,2011,True,True,True
ISL,Iceland,41.06326281106899,1.5269700637399435,5.376819152729514,752.0,2012,False,False,False
ISL,Iceland,41.14263725046423,1.5269700637399435,5.401712460280886,0.0,2013,True,True,True
ISL,Iceland,41.22201168985947,1.5269700637399435,5.426605767832259,0.0,2014,True,True,True
ISL,Iceland,41.301386129254716,1.5269700637399435,5.451499075383631,0.0,2015,True,True,True
ISL,Iceland,41.38076056864996,1.5269700637399435,5.476392382935003,880.0,2016,False,True,False
ISL,Iceland,40.5978179145678,1.5269700637399435,5.435429503218062,0.0,2017,True,True,True
ISL,Iceland,39.814875260485636,1.5269700637399435,5.3944666235011205,861.0,2018,False,True,False
ISL,Iceland,40.20263157591555,1.5269700637399435,5.3158111769953695,0.0,2019,True,True,True
ISL,Iceland,40.59038789134546,1.5269700637399435,5.237155730489618,903.0,2020,False,True,False
ISL,Iceland,39.072233024556965,1.5269700637399435,5.257631958692214,0.0,2021,True,True,True
ISL,Iceland,37.55407815776848,1.5269700637399435,5.278108186894809,842.0,2022,False,True,False
IRL,Ireland,41.023081679557095,2.14389821313301,5.150820134397192,2046.0,2002,False,False,False
IRL,Ireland,40.28448448524758,2.1009521037984467,5.079011537323506,0.0,2003,True,True,True
IRL,Ireland,39.54588729093807,2.0580059944638833,5.007202940249821,0.0,2004,True,True,True
IRL,Ireland,38.80729009662855,2.01505988512932,4.935394343176134,0.0,2005,True,True,True
IRL,Ireland,38.068692902319036,1.9721137757947564,4.863585746102448,1800.0,2006,False,False,False
IRL,Ireland,37.91706033099887,1.9884429821309442,4.916881816431549,0.0,2007,True,True,True
IRL,Ireland,37.76542775967871,2.0047721884671317,4.97017788676065,1764.0,2008,False,False,False
IRL,Ireland,37.53464698356919,2.091671722782305,4.814683159490372,0.0,2009,True,True,True
IRL,Ireland,37.30386620745966,2.1785712570974787,4.659188432220092,2576.0,2010,False,False,False
IRL,Ireland,37.63254920849839,2.1836473342705975,4.630672299844178,0.0,2011,True,True,True
IRL,Ireland,37.961232209537116,2.188723411443716,4.602156167468263,2628.0,2012,False,False,False
IRL,Ireland,37.52946150740371,2.10516303160919,4.623961173783044,0.0,2013,True,True,True
IRL,Ireland,37.09769080527031,2.0216026517746637,4.6457661800978265,2390.0,2014,False,False,False
IRL,Ireland,37.972051183509535,2.0216026517746637,4.680438058910484,0.0,2015,True,True,True
IRL,Ireland,38.84641156174876,2.0216026517746637,4.715109937723141,2757.0,2016,False,True,False
IRL,Ireland,37.65642373847231,2.0216026517746637,4.6909630331897905,0.0,2017,True,True,True
IRL,Ireland,36.46643591519587,2.0216026517746637,4.66681612865644,2216.0,2018,False,True,False
IRL,Ireland,36.6502154622064,2.0216026517746637,4.535085462550196,0.0,2019,True,True,True
IRL,Ireland,36.83399500921692,2.0216026517746637,4.403354796443951,1770.0,2020,False,True,False
IRL,Ireland,36.9972321854285,2.0216026517746637,4.342626668295034,0.0,2021,True,True,True
IRL,Ireland,37.16046936164008,2.0216026517746637,4.281898540146116,2017.0,2022,False,True,False
ISR,Israel,41.91712856726091,1.7571770751824298,5.352451853261865,2499.0,2002,False,False,False
ISR,Israel,41.55369333740352,1.7595143307423806,5.344520887545793,0.0,2003,True,True,True
ISR,Israel,41.19025810754614,1.7618515863023314,5.336589921829719,0.0,2004,True,True,True
ISR,Israel,40.826822877688755,1.7641888418622824,5.328658956113647,0.0,2005,True,True,True
ISR,Israel,40.46338764783137,1.7665260974222332,5.320727990397574,0.0,2006,True,True,True
ISR,Israel,40.09995241797399,1.768863352982184,5.312797024681501,0.0,2007,True,True,True
ISR,Israel,39.7365171881166,1.7712006085421348,5.304866058965429,2490.0,2008,False,False,False
ISR,Israel,39.744276070912946,1.8180811897917781,5.422729513216936,0.0,2009,True,True,True
ISR,Israel,39.75203495370929,1.8649617710414212,5.540592967468442,2294.0,2010,False,False,False
ISR,Israel,40.09737406542533,1.7817228985143134,5.453409829629793,0.0,2011,True,True,True
ISR,Israel,40.44271317714136,1.6984840259872058,5.3662266917911445,2508.0,2012,False,False,False
ISR,Israel,38.6012953402909,1.6527644648006588,4.984983175505219,0.0,2013,True,True,True
ISR,Israel,36.75987750344044,1.607044903614112,4.603739659219294,2562.0,2014,False,False,False
ISR,Israel,38.11357525359833,1.607044903614112,4.880959260056695,0.0,2015,True,True,True
ISR,Israel,39.46727300375622,1.607044903614112,5.158178860894097,2557.0,2016,False,True,False
ISR,Israel,39.28060947523499,1.607044903614112,5.195217112949862,0.0,2017,True,True,True
ISR,Israel,39.09394594671377,1.607044903614112,5.232255365005627,0.0,2018,True,True,True
ISR,Israel,38.90728241819254,1.607044903614112,5.269293617061392,0.0,2019,True,True,True
ISR,Israel,38.72061888967131,1.607044903614112,5.306331869117158,0.0,2020,True,True,True
ISR,Israel,38.533955361150085,1.607044903614112,5.3433701211729225,0.0,2021,True,True,True
ISR,Israel,38.347291832628855,1.607044903614112,5.380408373228688,906.0,2022,False,True,False
ITA,Italy,43.65380336048033,1.9958331255038317,4.880724406995604,1207.0,2002,False,False,False
ITA,Italy,43.51392220969623,1.9661746490135639,4.892665549439461,0.0,2003,True,True,True
ITA,Italy,43.374041058912134,1.936516172523296,4.904606691883318,0.0,2004,True,True,True
ITA,Italy,43.23415990812803,1.9068576960330281,4.916547834327175,0.0,2005,True,True,True
ITA,Italy,43.09427875734393,1.8771992195427603,4.928488976771032,0.0,2006,True,True,True
ITA,Italy,42.95439760655983,1.8475407430524924,4.940430119214889,0.0,2007,True,True,True
ITA,Italy,42.81451645577573,1.8178822665622243,4.952371261658746,0.0,2008,True,True,True
ITA,Italy,42.67463530499163,1.7882237900719564,4.9643124041026025,0.0,2009,True,True,True
ITA,Italy,42.534754154207526,1.7585653135816885,4.9762535465464595,0.0,2010,True,True,True
ITA,Italy,42.39487300342343,1.7289068370914207,4.988194688990316,0.0,2011,True,True,True
ITA,Italy,42.25499185263933,1.6992483606011528,5.000135831434173,960.0,2012,False,False,False
ITA,Italy,41.66173702022338,1.6992483606011528,4.935205598181962,0.0,2013,True,True,True
ITA,Italy,41.06848218780742,1.6992483606011528,4.87027536492975,0.0,2014,True,True,True
ITA,Italy,40.47522735539147,1.6992483606011528,4.805345131677539,0.0,2015,True,True,True
ITA,Italy,39.881972522975516,1.6992483606011528,4.740414898425327,2626.0,2016,False,True,False
ITA,Italy,39.65594955093863,1.6992483606011528,4.770480027587169,0.0,2017,True,True,True
ITA,Italy,39.42992657890174,1.6992483606011528,4.800545156749011,2745.0,2018,False,True,False
ITA,Italy,38.87976991133972,1.6992483606011528,4.684295207381648,0.0,2019,True,True,True
ITA,Italy,38.32961324377771,1.6992483606011528,4.568045258014287,2640.0,2020,False,True,False
ITA,Italy,38.55054172681454,1.6992483606011528,4.650793410513977,0.0,2021,True,True,True
ITA,Italy,38.771470209851365,1.6992483606011528,4.7335415630136675,2865.0,2022,False,True,False
LVA,Latvia,35.918723478393254,2.371012857087441,4.801979627244054,0.0,2002,True,True,True
LVA,Latvia,35.918723478393254,2.371012857087441,4.801979627244054,0.0,2003,True,True,True
LVA,Latvia,35.918723478393254,2.371012857087441,4.801979627244054,0.0,2004,True,True,True
LVA,Latvia,35.918723478393254,2.371012857087441,4.801979627244054,0.0,2005,True,True,True
LVA,Latvia,35.918723478393254,2.371012857087441,4.801979627244054,0.0,2006,True,True,True
LVA,Latvia,35.918723478393254,2.371012857087441,4.801979627244054,0.0,2007,True,True,True
LVA,Latvia,35.918723478393254,2.371012857087441,4.801979627244054,1980.0,2008,False,False,False
LVA,Latvia,35.869963447964246,2.371012857087441,4.791621020647543,0.0,2009,True,True,True
LVA,Latvia,35.821203417535244,2.371012857087441,4.7812624140510325,0.0,2010,True,True,True
LVA,Latvia,35.772443387106236,2.371012857087441,4.770903807454522,0.0,2011,True,True,True
LVA,Latvia,35.723683356677235,2.371012857087441,4.760545200858011,0.0,2012,True,True,True
LVA,Latvia,35.674923326248226,2.371012857087441,4.7501865942615,0.0,2013,True,True,True
LVA,Latvia,35.62616329581922,2.371012857087441,4.73982798766499,0.0,2014,True,True,True
LVA,Latvia,35.57740326539022,2.371012857087441,4.729469381068479,0.0,2015,True,True,True
LVA,Latvia,35.52864323496121,2.371012857087441,4.719110774471968,0.0,2016,True,True,True
LVA,Latvia,35.47988320453221,2.371012857087441,4.708752167875457,0.0,2017,True,True,True
LVA,Latvia,35.4311231741032,2.371012857087441,4.698393561278946,918.0,2018,False,True,False
LVA,Latvia,35.46765313974838,2.371012857087441,4.60378207516723,0.0,2019,True,True,True
LVA,Latvia,35.504183105393565,2.371012857087441,4.509170589055512,0.0,2020,True,True,True
LVA,Latvia,35.540713071038745,2.371012857087441,4.4145591029437945,0.0,2021,True,True,True
LVA,Latvia,35.577243036683925,2.371012857087441,4.319947616832078,1252.0,2022,False,True,False
LTU,Lithuania,40.59226920453297,1.8924046672212622,4.313489986188427,0.0,2002,True,True,True
LTU,Lithuania,40.59226920453297,1.8924046672212622,4.313489986188427,0.0,2003,True,True,True
LTU,Lithuania,40.59226920453297,1.8924046672212622,4.313489986188427,0.0,2004,True,True,True
LTU,Lithuania,40.59226920453297,1.8924046672212622,4.313489986188427,0.0,2005,True,True,True
LTU,Lithuania,40.59226920453297,1.8924046672212622,4.313489986188427,0.0,2006,True,True,True
LTU,Lithuania,40.59226920453297,1.8924046672212622,4.313489986188427,0.0,2007,True,True,True
LTU,Lithuania,40.59226920453297,1.8924046672212622,4.313489986188427,0.0,2008,True,True,True
LTU,Lithuania,40.59226920453297,1.8924046672212622,4.313489986188427,0.0,2009,True,True,True
LTU,Lithuania,40.59226920453297,1.8924046672212622,4.313489986188427,1677.0,2010,False,False,False
LTU,Lithuania,41.62191001234959,2.0095705366042935,4.198245437369662,0.0,2011,True,True,True
LTU,Lithuania,42.65155082016621,2.1267364059873244,4.083000888550898,2109.0,2012,False,False,False
LTU,Lithuania,42.82274288150393,2.1023599409943694,4.100663297500526,0.0,2013,True,True,True
LTU,Lithuania,42.993934942841655,2.077983476001415,4.118325706450155,2250.0,2014,False,False,False
LTU,Lithuania,42.563257478680846,2.077983476001415,4.031325693095028,0.0,2015,True,True,True
LTU,Lithuania,42.13258001452004,2.077983476001415,3.9443256797399022,2122.0,2016,False,True,False
LTU,Lithuania,41.62218116590569,2.077983476001415,4.128795015739967,0.0,2017,True,True,True
LTU,Lithuania,41.111782317291336,2.077983476001415,4.313264351740031,1835.0,2018,False,True,False
LTU,Lithuania,40.67068863942711,2.077983476001415,4.245505130946771,0.0,2019,True,True,True
LTU,Lithuania,40.229594961562896,2.077983476001415,4.177745910153512,1659.0,2020,False,True,False
LTU,Lithuania,31.99052414693641,2.077983476001415,4.241787036978138,0.0,2021,True,True,True
LTU,Lithuania,23.751453332309925,2.077983476001415,4.305828163802764,1365.0,2022,False,True,False
LUX,Luxembourg,36.43411683761568,1.9852552817581888,4.999333623417344,1552.0,2002,False,False,False
LUX,Luxembourg,36.43411683761568,1.9852552817581888,4.999333623417344,0.0,2003,True,True,True
LUX,Luxembourg,36.43411683761568,1.9852552817581888,4.999333623417344,0.0,2004,True,True,True
LUX,Luxembourg,36.43411683761568,1.9852552817581888,4.999333623417344,0.0,2005,True,True,True
LUX,Luxembourg,36.43411683761568,1.9852552817581888,4.999333623417344,0.0,2006,True,True,True
LUX,Luxembourg,36.43411683761568,1.9852552817581888,4.999333623417344,0.0,2007,True,True,True
LUX,Luxembourg,36.43411683761568,1.9852552817581888,4.999333623417344,0.0,2008,True,True,True
LUX,Luxembourg,36.43411683761568,1.9852552817581888,4.999333623417344,0.0,2009,True,True,True
LUX,Luxembourg,36.43411683761568,1.9852552817581888,4.999333623417344,0.0,2010,True,True,True
LUX,Luxembourg,36.43411683761568,1.9852552817581888,4.999333623417344,0.0,2011,True,True,True
LUX,Luxembourg,36.43411683761568,1.9852552817581888,4.999333623417344,0.0,2012,True,True,True
LUX,Luxembourg,36.43411683761568,1.9852552817581888,4.999333623417344,0.0,2013,True,True,True
LUX,Luxembourg,36.43411683761568,1.9852552817581888,4.999333623417344,0.0,2014,True,True,True
LUX,Luxembourg,36.43411683761568,1.9852552817581888,4.999333623417344,0.0,2015,True,True,True
LUX,Luxembourg,36.43411683761568,1.9852552817581888,4.999333623417344,0.0,2016,True,True,True
LUX,Luxembourg,36.43411683761568,1.9852552817581888,4.999333623417344,0.0,2017,True,True,True
LUX,Luxembourg,36.43411683761568,1.9852552817581888,4.999333623417344,0.0,2018,True,True,True
LUX,Luxembourg,36.43411683761568,1.9852552817581888,4.999333623417344,0.0,2019,True,True,True
LUX,Luxembourg,36.43411683761568,1.9852552817581888,4.999333623417344,0.0,2020,True,True,True
LUX,Luxembourg,36.43411683761568,1.9852552817581888,4.999333623417344,0.0,2021,True,True,True
LUX,Luxembourg,36.43411683761568,1.9852552817581888,4.999333623417344,0.0,2022,True,True,True
MNE,Montenegro,41.01453497351063,,5.69843798273517,0.0,2002,True,False,True
MNE,Montenegro,41.01453497351063,,5.69843798273517,0.0,2003,True,False,True
MNE,Montenegro,41.01453497351063,,5.69843798273517,0.0,2004,True,False,True
MNE,Montenegro,41.01453497351063,,5.69843798273517,0.0,2005,True,False,True
MNE,Montenegro,41.01453497351063,,5.69843798273517,0.0,2006,True,False,True
MNE,Montenegro,41.01453497351063,,5.69843798273517,0.0,2007,True,False,True
MNE,Montenegro,41.01453497351063,,5.69843798273517,0.0,2008,True,False,True
MNE,Montenegro,41.01453497351063,,5.69843798273517,0.0,2009,True,False,True
MNE,Montenegro,41.01453497351063,,5.69843798273517,0.0,2010,True,False,True
MNE,Montenegro,41.01453497351063,,5.69843798273517,0.0,2011,True,False,True
MNE,Montenegro,41.01453497351063,,5.69843798273517,0.0,2012,True,False,True
MNE,Montenegro,41.01453497351063,,5.69843798273517,0.0,2013,True,False,True
MNE,Montenegro,41.01453497351063,,5.69843798273517,0.0,2014,True,False,True
MNE,Montenegro,41.01453497351063,,5.69843798273517,0.0,2015,True,False,True
MNE,Montenegro,41.01453497351063,,5.69843798273517,0.0,2016,True,False,True
MNE,Montenegro,41.01453497351063,,5.69843798273517,0.0,2017,True,False,True
MNE,Montenegro,41.01453497351063,,5.69843798273517,1200.0,2018,False,False,False
MNE,Montenegro,41.91511314289626,,5.38004632706598,0.0,2019,True,False,True
MNE,Montenegro,42.8156913122819,,5.0616546713967905,1278.0,2020,False,False,False
MNE,Montenegro,42.319089726193084,,4.968422686780605,0.0,2021,True,False,True
MNE,Montenegro,41.82248814010428,,4.87519070216442,1609.0,2022,False,False,False
NLD,Netherlands,34.17527626629136,2.0791169285506585,5.321079577056714,2364.0,2002,False,False,False
NLD,Netherlands,34.58762790329407,2.053051301495048,5.355072673248527,0.0,2003,True,True,True
NLD,Netherlands,34.99997954029678,2.0269856744394374,5.389065769440339,0.0,2004,True,True,True
NLD,Netherlands,35.41233117729949,2.0009200473838265,5.423058865632153,0.0,2005,True,True,True
NLD,Netherlands,35.8246828143022,1.974854420328216,5.457051961823966,1889.0,2006,False,False,False
NLD,Netherlands,35.108100694636406,1.93110542298344,5.456879089334142,0.0,2007,True,True,True
NLD,Netherlands,34.391518574970604,1.8873564256386637,5.456706216844317,1778.0,2008,False,False,False
NLD,Netherlands,34.37166405187817,1.9684171284166818,5.446472818663936,0.0,2009,True,True,True
NLD,Netherlands,34.35180952878574,2.0494778311947,5.436239420483554,1829.0,2010,False,False,False
NLD,Netherlands,33.943113739408545,1.9849479951115416,5.450742573325147,0.0,2011,True,True,True
NLD,Netherlands,33.53441795003135,1.9204181590283833,5.465245726166741,1845.0,2012,False,False,False
NLD,Netherlands,33.786187894693526,1.9540298483543777,5.463045341282595,0.0,2013,True,True,True
NLD,Netherlands,34.03795783935571,1.987641537680372,5.460844956398449,1919.0,2014,False,False,False
NLD,Netherlands,33.48328133542036,1.987641537680372,5.508643168319676,0.0,2015,True,True,True
NLD,Netherlands,32.928604831485,1.987641537680372,5.556441380240901,1681.0,2016,False,True,False
NLD,Netherlands,33.488340928219785,1.987641537680372,5.500932651094252,0.0,2017,True,True,True
NLD,Netherlands,34.04807702495456,1.987641537680372,5.445423921947603,1673.0,2018,False,True,False
NLD,Netherlands,33.52998867202646,1.987641537680372,5.397493895672525,0.0,2019,True,True,True
NLD,Netherlands,33.01190031909837,1.987641537680372,5.349563869397449,1470.0,2020,False,True,False
NLD,Netherlands,32.98065971379506,1.987641537680372,5.379730809822576,0.0,2021,True,True,True
NLD,Netherlands,32.94941910849175,1.987641537680372,5.409897750247702,1695.0,2022,False,True,False
MKD,North Macedonia,36.66762010876125,,4.619471926434563,0.0,2002,True,False,True
MKD,North Macedonia,36.66762010876125,,4.619471926434563,0.0,2003,True,False,True
MKD,North Macedonia,36.66762010876125,,4.619471926434563,0.0,2004,True,False,True
MKD,North Macedonia,36.66762010876125,,4.619471926434563,0.0,2005,True,False,True
MKD,North Macedonia,36.66762010876125,,4.619471926434563,0.0,2006,True,False,True
MKD,North Macedonia,36.66762010876125,,4.619471926434563,0.0,2007,True,False,True
MKD,North Macedonia,36.66762010876125,,4.619471926434563,0.0,2008,True,False,True
MKD,North Macedonia,36.66762010876125,,4.619471926434563,0.0,2009,True,False,True
MKD,North Macedonia,36.66762010876125,,4.619471926434563,0.0,2010,True,False,True
MKD,North Macedonia,36.66762010876125,,4.619471926434563,0.0,2011,True,False,True
MKD,North Macedonia,36.66762010876125,,4.619471926434563,0.0,2012,True,False,True
MKD,North Macedonia,36.66762010876125,,4.619471926434563,0.0,2013,True,False,True
MKD,North Macedonia,36.66762010876125,,4.619471926434563,0.0,2014,True,False,True
MKD,North Macedonia,36.66762010876125,,4.619471926434563,0.0,2015,True,False,True
MKD,North Macedonia,36.66762010876125,,4.619471926434563,0.0,2016,True,False,True
MKD,North Macedonia,36.66762010876125,,4.619471926434563,0.0,2017,True,False,True
MKD,North Macedonia,36.66762010876125,,4.619471926434563,0.0,2018,True,False,True
MKD,North Macedonia,36.66762010876125,,4.619471926434563,0.0,2019,True,False,True
MKD,North Macedonia,36.66762010876125,,4.619471926434563,1429.0,2020,False,False,False
MKD,North Macedonia,36.66762010876125,,4.619471926434563,0.0,2021,True,False,True
MKD,North Macedonia,36.66762010876125,,4.619471926434563,0.0,2022,True,False,True
NOR,Norway,36.21948909886995,1.7894621567837616,5.7506664301978745,2036.0,2002,False,False,False
NOR,Norway,36.44588561549341,1.7571323318735355,5.715229668274478,0.0,2003,True,True,True
NOR,Norway,36.67228213211688,1.7248025069633095,5.679792906351082,0.0,2004,True,True,True
NOR,Norway,36.898678648740336,1.6924726820530833,5.644356144427685,0.0,2005,True,True,True
NOR,Norway,37.125075165363796,1.6601428571428571,5.608919382504289,1750.0,2006,False,False,False
NOR,Norway,36.80462887659204,1.7077244070019988,5.565411534051431,0.0,2007,True,True,True
NOR,Norway,36.484182587820285,1.7553059568611404,5.521903685598573,1549.0,2008,False,False,False
NOR,Norway,36.22243467902001,1.78533952466922,5.53784232367053,0.0,2009,True,True,True
NOR,Norway,35.96068677021973,1.8153730924773,5.553780961742486,1548.0,2010,False,False,False
NOR,Norway,35.955215779277964,1.7853869871791175,5.522431419816946,0.0,2011,True,True,True
NOR,Norway,35.94974478833619,1.7554008818809352,5.491081877891405,1624.0,2012,False,False,False
NOR,Norway,35.75460678166459,1.7062105136928558,5.4179149713761845,0.0,2013,True,True,True
NOR,Norway,35.559468774992986,1.6570201455047764,5.344748064860965,1436.0,2014,False,False,False
NOR,Norway,36.24168034646597,1.6570201455047764,5.436949189589521,0.0,2015,True,True,True
NOR,Norway,36.923891917938946,1.6570201455047764,5.529150314318079,1545.0,2016,False,True,False
NOR,Norway,36.40101736837441,1.6570201455047764,5.6145572709133535,0.0,2017,True,True,True
NOR,Norway,35.87814281880987,1.6570201455047764,5.699964227508629,1406.0,2018,False,True,False
NOR,Norway,35.93401496926167,1.6570201455047764,5.600804400410502,0.0,2019,True,True,True
NOR,Norway,35.98988711971346,1.6570201455047764,5.501644573312375,1411.0,2020,False,True,False
NOR,Norway,35.81570939159589,1.6570201455047764,5.5691479525217735,0.0,2021,True,True,True
NOR,Norway,35.64153166347831,1.6570201455047764,5.636651331731172,1337.0,2022,False,True,False
POL,Poland,46.39483282249958,1.8845405799203723,4.2996243942837715,2110.0,2002,False,False,False
POL,Poland,46.02712998909264,1.8736327076675519,4.295770927291776,0.0,2003,True,True,True
POL,Poland,45.65942715568571,1.8627248354147317,4.29191746029978,0.0,2004,True,True,True
POL,Poland,45.29172432227878,1.8518169631619115,4.2880639933077855,0.0,2005,True,True,True
POL,Poland,44.924021488871844,1.840909090909091,4.28421052631579,1721.0,2006,False,False,False
POL,Poland,44.76873792261889,1.8491431791279391,4.277247505284475,0.0,2007,True,True,True
POL,Poland,44.613454356365935,1.8573772673467872,4.2702844842531595,1619.0,2008,False,False,False
POL,Poland,44.5393255130835,1.8128014958196421,4.268892647217688,0.0,2009,True,True,True
POL,Poland,44.46519666980105,1.768225724292497,4.267500810182216,1751.0,2010,False,False,False
POL,Poland,44.64885086512251,1.757532135047072,4.183673184250308,0.0,2011,True,True,True
POL,Poland,44.83250506044397,1.7468385458016469,4.0998455583184015,1898.0,2012,False,False,False
POL,Poland,44.687685308309,1.7174989684039228,4.142813143193395,0.0,2013,True,True,True
POL,Poland,44.542865556174036,1.6881593910061987,4.185780728068388,1615.0,2014,False,False,False
POL,Poland,44.368162880213255,1.6881593910061987,4.157396013766116,0.0,2015,True,True,True
POL,Poland,44.193460204252474,1.6881593910061987,4.129011299463844,1694.0,2016,False,True,False
POL,Poland,44.02588191295787,1.6881593910061987,4.019593991304692,0.0,2017,True,True,True
POL,Poland,43.858303621663275,1.6881593910061987,3.910176683145539,1500.0,2018,False,True,False
POL,Poland,42.768702071087816,1.6881593910061987,3.9196882112569007,0.0,2019,True,True,True
POL,Poland,41.679100520512364,1.6881593910061987,3.9291997393682623,0.0,2020,True,True,True
POL,Poland,40.58949896993691,1.6881593910061987,3.9387112674796243,0.0,2021,True,True,True
POL,Poland,39.49989741936145,1.6881593910061987,3.948222795590986,1442.0,2022,False,True,False
PRT,Portugal,45.21493750346654,1.8598652018907635,5.586543105708706,1511.0,2002,False,False,False
PRT,Portugal,42.56454885250697,1.8739902214904054,5.71638990058076,0.0,2003,True,True,True
PRT,Portugal,39.91416020154739,1.888115241090047,5.846236695452813,0.0,2004,True,True,True
PRT,Portugal,37.26377155058782,1.9022402606896889,5.976083490324867,0.0,2005,True,True,True
PRT,Portugal,34.61338289962825,1.9163652802893307,6.105930285196921,2222.0,2006,False,False,False
PRT,Portugal,38.22813272299085,1.9189732009599112,5.839265111647231,0.0,2007,True,True,True
PRT,Portugal,41.842882546353444,1.9215811216304917,5.57259993809754,2367.0,2008,False,False,False
PRT,Portugal,41.17906305602203,1.9626487642805743,5.78003201153603,0.0,2009,True,True,True
PRT,Portugal,40.51524356569061,2.003716406930657,5.98746408497452,2150.0,2010,False,False,False
PRT,Portugal,39.018909558361436,2.095636081436399,5.910940789035337,0.0,2011,True,True,True
PRT,Portugal,37.52257555103226,2.187555755942141,5.8344174930961525,2151.0,2012,False,False,False
PRT,Portugal,38.99223849928313,1.9327267422892027,5.796799718329342,0.0,2013,True,True,True
PRT,Portugal,40.46190144753401,1.6778977286362646,5.759181943562531,1265.0,2014,False,False,False
PRT,Portugal,41.59885294013881,1.6778977286362646,5.816025120286847,0.0,2015,True,True,True
PRT,Portugal,42.73580443274361,1.6778977286362646,5.872868297011163,1270.0,2016,False,True,False
PRT,Portugal,42.20807768464524,1.6778977286362646,5.748040807653,0.0,2017,True,True,True
PRT,Portugal,41.680350936546866,1.6778977286362646,5.623213318294838,1055.0,2018,False,True,False
PRT,Portugal,40.438128156575445,1.6778977286362646,5.529141156642936,0.0,2019,True,True,True
PRT,Portugal,39.195905376604024,1.6778977286362646,5.435068994991034,1838.0,2020,False,True,False
PRT,Portugal,39.90579718916668,1.6778977286362646,5.5592429174342435,0.0,2021,True,True,True
PRT,Portugal,40.615689001729336,1.6778977286362646,5.683416839877452,1373.0,2022,False,True,False
ROU,Romania,44.66764552212491,2.4637468027016065,3.89355154758087,0.0,2002,True,True,True
ROU,Romania,44.66764552212491,2.4637468027016065,3.89355154758087,0.0,2003,True,True,True
ROU,Romania,44.66764552212491,2.4637468027016065,3.89355154758087,0.0,2004,True,True,True
ROU,Romania,44.66764552212491,2.4637468027016065,3.89355154758087,0.0,2005,True,True,True
ROU,Romania,44.66764552212491,2.4637468027016065,3.89355154758087,0.0,2006,True,True,True
ROU,Romania,44.66764552212491,2.4637468027016065,3.89355154758087,0.0,2007,True,True,True
ROU,Romania,44.66764552212491,2.4637468027016065,3.89355154758087,2146.0,2008,False,False,False
ROU,Romania,44.66764552212491,2.4637468027016065,3.89355154758087,0.0,2009,True,True,True
ROU,Romania,44.66764552212491,2.4637468027016065,3.89355154758087,0.0,2010,True,True,True
ROU,Romania,44.66764552212491,2.4637468027016065,3.89355154758087,0.0,2011,True,True,True
ROU,Romania,44.66764552212491,2.4637468027016065,3.89355154758087,0.0,2012,True,True,True
ROU,Romania,44.66764552212491,2.4637468027016065,3.89355154758087,0.0,2013,True,True,True
ROU,Romania,44.66764552212491,2.4637468027016065,3.89355154758087,0.0,2014,True,True,True
ROU,Romania,44.66764552212491,2.4637468027016065,3.89355154758087,0.0,2015,True,True,True
ROU,Romania,44.66764552212491,2.4637468027016065,3.89355154758087,0.0,2016,True,True,True
ROU,Romania,44.66764552212491,2.4637468027016065,3.89355154758087,0.0,2017,True,True,True
ROU,Romania,44.66764552212491,2.4637468027016065,3.89355154758087,0.0,2018,True,True,True
ROU,Romania,44.66764552212491,2.4637468027016065,3.89355154758087,0.0,2019,True,True,True
ROU,Romania,44.66764552212491,2.4637468027016065,3.89355154758087,0.0,2020,True,True,True
ROU,Romania,44.66764552212491,2.4637468027016065,3.89355154758087,0.0,2021,True,True,True
ROU,Romania,44.66764552212491,2.4637468027016065,3.89355154758087,0.0,2022,True,True,True
SRB,Serbia,42.62057410978334,,5.34775602700972,0.0,2002,True,False,True
SRB,Serbia,42.62057410978334,,5.34775602700972,0.0,2003,True,False,True
SRB,Serbia,42.62057410978334,,5.34775602700972,0.0,2004,True,False,True
SRB,Serbia,42.62057410978334,,5.34775602700972,0.0,2005,True,False,True
SRB,Serbia,42.62057410978334,,5.34775602700972,0.0,2006,True,False,True
SRB,Serbia,42.62057410978334,,5.34775602700972,0.0,2007,True,False,True
SRB,Serbia,42.62057410978334,,5.34775602700972,0.0,2008,True,False,True
SRB,Serbia,42.62057410978334,,5.34775602700972,0.0,2009,True,False,True
SRB,Serbia,42.62057410978334,,5.34775602700972,0.0,2010,True,False,True
SRB,Serbia,42.62057410978334,,5.34775602700972,0.0,2011,True,False,True
SRB,Serbia,42.62057410978334,,5.34775602700972,0.0,2012,True,False,True
SRB,Serbia,42.62057410978334,,5.34775602700972,0.0,2013,True,False,True
SRB,Serbia,42.62057410978334,,5.34775602700972,0.0,2014,True,False,True
SRB,Serbia,42.62057410978334,,5.34775602700972,0.0,2015,True,False,True
SRB,Serbia,42.62057410978334,,5.34775602700972,0.0,2016,True,False,True
SRB,Serbia,42.62057410978334,,5.34775602700972,0.0,2017,True,False,True
SRB,Serbia,42.62057410978334,,5.34775602700972,2043.0,2018,False,False,False
SRB,Serbia,42.180446287889524,,5.3278742372782135,0.0,2019,True,False,True
SRB,Serbia,41.7403184659957,,5.307992447546707,0.0,2020,True,False,True
SRB,Serbia,41.30019064410188,,5.2881106578152,0.0,2021,True,False,True
SRB,Serbia,40.860062822208064,,5.2682288680836935,1563.0,2022,False,False,False
SVK,Slovakia,42.41475644699142,1.954261363636364,4.9703196347031975,0.0,2002,True,True,True
SVK,Slovakia,42.41475644699142,1.954261363636364,4.9703196347031975,0.0,2003,True,True,True
SVK,Slovakia,42.41475644699142,1.954261363636364,4.9703196347031975,0.0,2004,True,True,True
SVK,Slovakia,42.41475644699142,1.954261363636364,4.9703196347031975,0.0,2005,True,True,True
SVK,Slovakia,42.41475644699142,1.954261363636364,4.9703196347031975,1766.0,2006,False,False,False
SVK,Slovakia,42.03196359551232,1.9893330663593434,4.819287358500893,0.0,2007,True,True,True
SVK,Slovakia,41.649170744033235,2.024404769082323,4.668255082298589,1810.0,2008,False,False,False
SVK,Slovakia,42.9336736197003,2.094467830595624,4.716748804506582,0.0,2009,True,True,True
SVK,Slovakia,44.21817649536737,2.164530892108925,4.765242526714576,1856.0,2010,False,False,False
SVK,Slovakia,42.44658816238983,2.197917676851048,4.792522785431268,0.0,2011,True,True,True
SVK,Slovakia,40.67499982941229,2.231304461593171,4.819803044147962,1847.0,2012,False,False,False
SVK,Slovakia,40.475780441865886,2.231304461593171,4.797871440275506,0.0,2013,True,True,True
SVK,Slovakia,40.27656105431948,2.231304461593171,4.77593983640305,0.0,2014,True,True,True
SVK,Slovakia,40.07734166677308,2.231304461593171,4.754008232530594,0.0,2015,True,True,True
SVK,Slovakia,39.87812227922667,2.231304461593171,4.732076628658137,0.0,2016,True,True,True
SVK,Slovakia,39.678902891680266,2.231304461593171,4.710145024785682,0.0,2017,True,True,True
SVK,Slovakia,39.47968350413386,2.231304461593171,4.688213420913225,1083.0,2018,False,True,False
SVK,Slovakia,39.482043686187616,2.231304461593171,4.622954892940108,0.0,2019,True,True,True
SVK,Slovakia,39.48440386824137,2.231304461593171,4.557696364966991,1418.0,2020,False,True,False
SVK,Slovakia,41.27786383830109,2.231304461593171,4.640240675012573,0.0,2021,True,True,True
SVK,Slovakia,43.071323808360795,2.231304461593171,4.722784985058156,1442.0,2022,False,True,False
SVN,Slovenia,45.85878216427079,1.504595644155839,4.587355587193182,1519.0,2002,False,False,False
SVN,Slovenia,45.44386538426504,1.502425630325865,4.5801425407350225,0.0,2003,True,True,True
SVN,Slovenia,45.028948604259284,1.5002556164958907,4.572929494276863,0.0,2004,True,True,True
SVN,Slovenia,44.61403182425354,1.4980856026659164,4.565716447818703,0.0,2005,True,True,True
SVN,Slovenia,44.19911504424778,1.4959155888359423,4.558503401360544,1476.0,2006,False,False,False
SVN,Slovenia,43.78308785238893,1.532137478391681,4.534349153797602,0.0,2007,True,True,True
SVN,Slovenia,43.36706066053008,1.5683593679474195,4.51019490623466,1286.0,2008,False,False,False
SVN,Slovenia,43.37121618639151,1.5687836404568563,4.5774184489903815,0.0,2009,True,True,True
SVN,Slovenia,43.375371712252935,1.5692079129662933,4.644641991746103,1403.0,2010,False,False,False
SVN,Slovenia,42.54441274479389,1.5461734855508547,4.663538478329505,0.0,2011,True,True,True
SVN,Slovenia,41.71345377733485,1.5231390581354158,4.682434964912906,1257.0,2012,False,False,False
SVN,Slovenia,43.00647806103159,1.5469758551009545,4.6569682500012295,0.0,2013,True,True,True
SVN,Slovenia,44.29950234472834,1.5708126520664931,4.631501535089553,1224.0,2014,False,False,False
SVN,Slovenia,43.94732673150998,1.5708126520664931,4.637912752746676,0.0,2015,True,True,True
SVN,Slovenia,43.595151118291625,1.5708126520664931,4.644323970403799,1307.0,2016,False,True,False
SVN,Slovenia,43.51570083840602,1.5708126520664931,4.635312161692058,0.0,2017,True,True,True
SVN,Slovenia,43.436250558520406,1.5708126520664931,4.626300352980317,1318.0,2018,False,True,False
SVN,Slovenia,43.14443273873192,1.5708126520664931,4.632222374949158,0.0,2019,True,True,True
SVN,Slovenia,42.85261491894343,1.5708126520664931,4.6381443969179985,1252.0,2020,False,True,False
SVN,Slovenia,41.65308866266776,1.5708126520664931,4.636744084633415,0.0,2021,True,True,True
SVN,Slovenia,40.453562406392095,1.5708126520664931,4.635343772348833,1248.0,2022,False,True,False
ESP,Spain,41.82264147224605,2.06478012395924,5.346886025656181,1729.0,2002,False,False,False
ESP,Spain,41.878925922488705,1.9972850929694301,5.387432395442776,0.0,2003,True,True,True
ESP,Spain,41.93521037273137,1.92979006197962,5.427978765229371,0.0,2004,True,True,True
ESP,Spain,41.99149482297403,1.8622950309898099,5.468525135015967,0.0,2005,True,True,True
ESP,Spain,42.04777927321669,1.7948,5.509071504802562,1876.0,2006,False,False,False
ESP,Spain,41.956260230387485,1.7873638293231846,5.465222562060079,0.0,2007,True,True,True
ESP,Spain,41.86474118755828,1.7799276586463693,5.421373619317595,2576.0,2008,False,False,False
ESP,Spain,41.75941786433032,1.776231879589243,5.378301916807537,0.0,2009,True,True,True
ESP,Spain,41.654094541102346,1.7725361005321165,5.3352302142974795,1885.0,2010,False,False,False
ESP,Spain,41.571270261164116,1.7515289787670214,5.295578759606803,0.0,2011,True,True,True
ESP,Spain,41.48844598122589,1.7305218570019263,5.255927304916126,1889.0,2012,False,False,False
ESP,Spain,41.54466568621958,1.7735445319222387,5.240703325619962,0.0,2013,True,True,True
ESP,Spain,41.600885391213275,1.8165672068425511,5.225479346323798,1925.0,2014,False,False,False
ESP,Spain,41.41988154521951,1.8165672068425511,5.232111203420865,0.0,2015,True,True,True
ESP,Spain,41.23887769922575,1.8165672068425511,5.2387430605179315,1958.0,2016,False,True,False
ESP,Spain,40.44274978325498,1.8165672068425511,5.249734550622846,0.0,2017,True,True,True
ESP,Spain,39.64662186728422,1.8165672068425511,5.260726040727761,1668.0,2018,False,True,False
ESP,Spain,39.68863772268067,1.8165672068425511,5.260048458007185,0.0,2019,True,True,True
ESP,Spain,39.73065357807711,1.8165672068425511,5.259370875286611,0.0,2020,True,True,True
ESP,Spain,39.77266943347355,1.8165672068425511,5.258693292566036,0.0,2021,True,True,True
ESP,Spain,39.81468528887,1.8165672068425511,5.258015709845461,1844.0,2022,False,True,False
SWE,Sweden,38.57323893446244,1.6601957748786802,5.33232512214865,1999.0,2002,False,False,False
SWE,Sweden,38.525929200846825,1.6522080980333609,5.323361183252193,0.0,2003,True,True,True
SWE,Sweden,38.47861946723121,1.6442204211880416,5.314397244355736,0.0,2004,True,True,True
SWE,Sweden,38.4313097336156,1.6362327443427225,5.305433305459279,0.0,2005,True,True,True
SWE,Sweden,38.383999999999986,1.6282450674974032,5.296469366562822,1927.0,2006,False,False,False
SWE,Sweden,38.438937471974086,1.615042943393719,5.345039563736513,0.0,2007,True,True,True
SWE,Sweden,38.49387494394818,1.6018408192900346,5.393609760910205,1830.0,2008,False,False,False
SWE,Sweden,38.15468334962646,1.6210655565176677,5.41996297681205,0.0,2009,True,True,True
SWE,Sweden,37.81549175530474,1.6402902937453008,5.446316192713896,1497.0,2010,False,False,False
SWE,Sweden,38.124834071281875,1.6263123674644917,5.494312247289788,0.0,2011,True,True,True
SWE,Sweden,38.43417638725901,1.6123344411836829,5.54230830186568,1847.0,2012,False,False,False
SWE,Sweden,38.38518108372171,1.5780229149641478,5.511489558923978,0.0,2013,True,True,True
SWE,Sweden,38.336185780184415,1.5437113887446128,5.480670815982277,1791.0,2014,False,False,False
SWE,Sweden,37.62704863584939,1.5437113887446128,5.529009149893366,0.0,2015,True,True,True
SWE,Sweden,36.917911491514374,1.5437113887446128,5.577347483804455,1551.0,2016,False,True,False
SWE,Sweden,37.32224584814762,1.5437113887446128,5.532726833500348,0.0,2017,True,True,True
SWE,Sweden,37.72658020478086,1.5437113887446128,5.488106183196241,1539.0,2018,False,True,False
SWE,Sweden,37.46347064428253,1.5437113887446128,5.486275151810152,0.0,2019,True,True,True
SWE,Sweden,37.2003610837842,1.5437113887446128,5.484444120424062,0.0,2020,True,True,True
SWE,Sweden,36.93725152328587,1.5437113887446128,5.482613089037972,0.0,2021,True,True,True
SWE,Sweden,36.674141962787544,1.5437113887446128,5.480782057651883,1230.0,2022,False,True,False
CHE,Switzerland,37.85637034448231,1.3639666596262074,5.253477214684756,2040.0,2002,False,False,False
CHE,Switzerland,38.23384662803437,1.3714220274428948,5.26993052742155,0.0,2003,True,True,True
CHE,Switzerland,38.61132291158643,1.378877395259582,5.286383840158344,0.0,2004,True,True,True
CHE,Switzerland,38.98879919513849,1.3863327630762692,5.302837152895137,0.0,2005,True,True,True
CHE,Switzerland,39.366275478690554,1.3937881308929565,5.319290465631931,1804.0,2006,False,False,False
CHE,Switzerland,38.828588100371995,1.4326032523749195,5.272840924744915,0.0,2007,True,True,True
CHE,Switzerland,38.290900722053436,1.4714183738568827,5.226391383857899,1819.0,2008,False,False,False
CHE,Switzerland,38.69520436139891,1.4361254389259397,5.224285996291119,0.0,2009,True,True,True
CHE,Switzerland,39.099508000744386,1.4008325039949967,5.22218060872434,1506.0,2010,False,False,False
CHE,Switzerland,38.91919347672885,1.3704012732963338,5.167290481034651,0.0,2011,True,True,True
CHE,Switzerland,38.73887895271332,1.339970042597671,5.112400353344961,1493.0,2012,False,False,False
CHE,Switzerland,37.55455573068878,1.3385090798976798,5.133506006309357,0.0,2013,True,True,True
CHE,Switzerland,36.370232508664245,1.3370481171976887,5.154611659273753,1532.0,2014,False,False,False
CHE,Switzerland,36.41914796191162,1.3370481171976887,5.169630045154616,0.0,2015,True,True,True
CHE,Switzerland,36.46806341515899,1.3370481171976887,5.1846484310354795,1525.0,2016,False,True,False
CHE,Switzerland,36.519576823837305,1.3370481171976887,5.198720792363495,0.0,2017,True,True,True
CHE,Switzerland,36.57109023251562,1.3370481171976887,5.21279315369151,1542.0,2018,False,True,False
CHE,Switzerland,36.056913374313446,1.3370481171976887,5.123508137881501,0.0,2019,True,True,True
CHE,Switzerland,35.54273651611127,1.3370481171976887,5.0342231220714915,1523.0,2020,False,True,False
CHE,Switzerland,35.749848099956196,1.3370481171976887,5.07934301480168,0.0,2021,True,True,True
CHE,Switzerland,35.95695968380112,1.3370481171976887,5.124462907531869,1384.0,2022,False,True,False
GBR,United Kingdom,38.029031750782906,2.3417642101782916,5.092879387549764,2052.0,2002,False,False,False
GBR,United Kingdom,37.92933871908539,2.337419062355825,5.093792428251124,0.0,2003,True,True,True
GBR,United Kingdom,37.82964568738788,2.3330739145333586,5.094705468952483,0.0,2004,True,True,True
GBR,United Kingdom,37.72995265569036,2.328728766710892,5.0956185096538436,0.0,2005,True,True,True
GBR,United Kingdom,37.63025962399285,2.3243836188884255,5.096531550355204,2394.0,2006,False,False,False
GBR,United Kingdom,37.27122681256366,2.278092819589036,5.058473567385961,0.0,2007,True,True,True
GBR,United Kingdom,36.91219400113447,2.231802020289647,5.0204155844167175,2352.0,2008,False,False,False
GBR,United Kingdom,37.04754901740978,2.254108624166685,5.00053580117015,0.0,2009,True,True,True
GBR,United Kingdom,37.182904033685084,2.2764152280437235,4.980656017923582,2422.0,2010,False,False,False
GBR,United Kingdom,36.84394959542969,2.2518789409450175,4.8918072519596505,0.0,2011,True,True,True
GBR,United Kingdom,36.5049951571743,2.227342653846312,4.802958485995719,2286.0,2012,False,False,False
GBR,United Kingdom,36.839005252292345,2.2016400716583693,4.825061087385727,0.0,2013,True,True,True
GBR,United Kingdom,37.17301534741039,2.175937489470426,4.847163688775734,2264.0,2014,False,False,False
GBR,United Kingdom,36.83739337049104,2.175937489470426,4.846703819258547,0.0,2015,True,True,True
GBR,United Kingdom,36.501771393571694,2.175937489470426,4.8462439497413605,1959.0,2016,False,True,False
GBR,United Kingdom,36.194058343554765,2.175937489470426,4.834106981805933,0.0,2017,True,True,True
GBR,United Kingdom,35.886345293537836,2.175937489470426,4.821970013870504,2204.0,2018,False,True,False
GBR,United Kingdom,36.039449524671,2.175937489470426,4.739182448738779,0.0,2019,True,True,True
GBR,United Kingdom,36.192553755804155,2.175937489470426,4.656394883607053,1149.0,2020,False,True,False
GBR,United Kingdom,36.447001107673785,2.175937489470426,4.714997886380198,0.0,2021,True,True,True
GBR,United Kingdom,36.70144845954342,2.175937489470426,4.773600889153343,1684.0,2022,False,True,False
