Country Name,Country Code,Indicator Name,Indicator Code,1960,1961,1962,1963,1964,1965,1966,1967,1968,1969,1970,1971,1972,1973,1974,1975,1976,1977,1978,1979,1980,1981,1982,1983,1984,1985,1986,1987,1988,1989,1990,1991,1992,1993,1994,1995,1996,1997,1998,1999,2000,2001,2002,2003,2004,2005,2006,2007,2008,2009,2010,2011,2012,2013,2014,2015,2016,2017,2018,2019,2020,2021,2022,2023,2024,2025
Albania,ALB,GDP (current US$),NY.GDP.MKTP.CD,,,,,,,,,,,,,,,,,,,,,1578102105.26316,1808177156.17716,1861163170.16317,1881412587.41259,1857337995.338,1897050116.55012,2097326250.0,2080796250.0,2051236250.0,2253090000.0,2028553750.0,1099559027.77778,652174990.837304,1185315468.46295,1880950864.41311,2905092798.61916,3234486232.04392,2293666029.99318,2600356999.20614,3283941510.49964,3584570164.85195,4059064033.13379,4515003116.68036,5801712040.48463,7406645793.44038,8256658249.8128,9150528132.17633,11116937869.8568,13258506375.4518,12335540656.1006,12086545641.299,12973755874.5365,12246499747.9714,12796985886.1478,13296322588.1684,11470171826.9575,11988668784.6628,13258268435.6048,15379508329.7568,15585111614.0376,15241458744.5927,18031989573.0294,19017247013.8821,23491242727.4082,27046429296.6673,
Andorra,AND,GDP (current US$),NY.GDP.MKTP.CD,,,,,,,,,,,78617711.0965325,89406608.1458151,113414397.365635,150841639.297444,186557081.998137,220112572.205331,227283850.831271,253997897.226968,308020261.164149,411548748.354729,446377776.798001,388983266.199886,375914743.581006,327850042.515872,330073080.637098,346742714.675152,481996012.869071,611299924.540506,721425939.15155,795489582.04491,1028989692.06787,1106891361.53948,1209992020.29543,1007090269.86956,1017544068.8408,1178745282.8678,1224024139.21295,1180645571.8643,1211953994.05714,1240295198.78331,1432606296.26722,1548265926.7572,1764279817.95815,2366941614.03001,2900244053.52758,3161084846.97686,3459336818.03742,3957627536.75624,4102317468.30156,3688974807.45037,3449925693.58181,3629133062.55168,3188653258.61001,3193513470.43941,3271686452.47686,2789882569.1005,2896611878.6258,3000160414.63795,3218418631.67579,3155150255.91195,2891002460.29153,3324648075.56293,3380611694.73392,3785065524.84754,4039842405.48117,
Armenia,ARM,GDP (current US$),NY.GDP.MKTP.CD,,,,,,,,,,,,,,,,,,,,,,,,,,,,,,,2256863448.77086,2069870129.87013,1272835453.42634,1201312829.27524,1315158636.67553,1468317435.20148,1596968946.23708,1639492444.76152,1893726437.26462,1845482173.02732,1911563668.85006,2118467913.37873,2376335048.39976,2807061008.69084,3576615240.41616,4900469511.10191,6384452066.5146,9206301269.79164,11662040713.8753,8647937081.2562,9260285755.62424,10142111824.5835,10619320682.9474,11121464437.0415,11609513246.7958,10553337518.414,10546136235.5219,11527458709.0158,12457940694.7395,13619290539.2116,12641698583.2152,13878908628.9378,19513506553.1251,24185982215.6543,25955275380.0321,
Austria,AUT,GDP (current US$),NY.GDP.MKTP.CD,6624086313.14334,7346566037.83392,7793042529.15992,8414050621.01716,9213648655.97511,10041659445.118,10939526218.6393,11634569521.9273,12499863917.1003,13647475854.0287,15312791743.8476,17788536733.1204,21973207929.0434,29399860144.7748,35051468639.576,39902300703.1682,42791707448.0325,51343861460.328,61809208755.804,73647694287.1848,81737498404.5948,70755997062.3812,70996111962.5716,71838528420.4075,67719055773.3306,69114996009.577,98648254168.5444,123682091858.946,132817124707.456,132584448257.93,165811372382.912,173113449616.971,194314032056.098,189634029338.696,202738023129.743,240094169510.031,235952581232.129,211724812267.448,217068085815.918,216421809125.916,196181599831.287,196477206829.33,212837224022.813,260779834340.097,299210411454.823,313952317330.776,333905979332.481,386760177589.497,429234399096.173,399290118782.429,389827789217.634,428954737064.057,406750487603.59,426580502769.417,438556021078.034,379546097300.633,393687359770.273,414926138132.691,452582294972.775,442983642371.842,434397601557.696,480466363176.806,473221298968.216,516670509628.876,534790720466.822,
Azerbaijan,AZE,GDP (current US$),NY.GDP.MKTP.CD,,,,,,,,,,,,,,,,,,,,,,,,,,,,,,,8884848484.84848,5344000000.0,444658671.586716,1570392598.14954,1193141110.35043,2417331192.9526,3176507376.31836,3962362387.47922,4446368570.6901,4581248566.50158,5272615722.96892,5707616203.72011,6236087738.28284,7276413079.11451,8680405740.94125,13245421880.834,20981929497.6188,33049419431.2244,48851293785.4483,44292427184.9492,52909294791.9262,65952796427.9473,69679944504.1972,74160560123.6902,75239785452.1022,53076235354.746,37866996882.9157,40866627351.9817,47112470051.7701,48174235294.1176,42693000000.0,54825411764.7059,78807470588.2353,72428470588.2353,74315882352.9412,
Belarus,BLR,GDP (current US$),NY.GDP.MKTP.CD,,,,,,,,,,,,,,,,,,,,,,,,,,,,,,,17389558232.9317,18404907975.4601,16939790093.9054,16275073526.9819,14931435232.078,13972683273.5692,14500437519.8258,14128408565.7064,15222012660.4232,12138486532.0203,12736856827.9847,12354820143.8849,14594900944.7658,17825444724.4878,23141566292.9462,30210091836.8294,36961894281.3444,45275711995.825,60752106347.126,50873167326.0414,57231904542.8755,61762382327.9319,65685890438.8922,75527558966.4473,78813069120.9984,56454769844.7632,47723545321.259,54725405751.1559,60031026576.26,64410170653.4569,61371673344.7424,69673747131.87,73775179924.603,72478760370.4258,75961865471.9129,
Belgium,BEL,GDP (current US$),NY.GDP.MKTP.CD,11810619368.3874,12561701694.3319,13436827166.5187,14445805381.3872,16168044450.2523,17597783297.4583,18894891312.2977,20252508995.4745,21654856965.4281,24019653474.9959,26706196046.7931,29821661869.912,37209418018.5134,47743801490.3747,56033077879.0389,65678189097.2908,71113882967.6071,82839905458.6382,101246526194.441,116315456796.918,126829314388.191,104730018470.23,92095926187.5331,87184239053.2544,83349530159.1734,86268264148.3796,120018787249.413,149394404105.889,162299103675.261,164221056511.057,205331747947.851,210510999409.333,234781652446.675,224721795708.955,244884129491.198,288025588396.278,279201433224.756,252708051420.839,258528339631.029,258245733221.468,236792460312.471,236746141604.37,258383599375.177,318082528506.588,369214712443.206,385714762230.039,408259840868.823,470922156309.453,517328087920.078,485014525992.461,481556503720.001,527196649048.639,498414364944.961,524097026598.55,537987419164.351,461044767544.531,474271566739.729,500908767351.53,542638913427.921,536726344405.489,529694473501.791,598522422241.851,591085783326.267,651330595110.011,671370081636.406,
Bosnia and Herzegovina,BIH,GDP (current US$),NY.GDP.MKTP.CD,,,,,,,,,,,,,,,,,,,,,,,,,,,,,,,7753478260.86957,6122959183.67347,4735044707.23969,3630668949.83246,1255802469.1358,1866572953.73665,2786045321.63743,3671909673.04401,4116774300.60671,4686256363.04707,5567772768.81188,5800615374.76094,6728220982.88398,8498894359.38629,10156541220.9704,11222796336.5426,12864841905.9543,15778734264.3787,19112796623.1175,17613949091.2294,17176315803.7298,18644233537.1093,17226735995.6905,18179109209.3892,18558734107.1478,16404348361.0926,17116926553.8513,18326373135.6099,20484058033.1144,20482608984.3316,20226038369.9191,23672712121.2671,24534663636.1778,27592361498.4057,29613572022.8993,
Bulgaria,BGR,GDP (current US$),NY.GDP.MKTP.CD,,,,,,,,,,,,,,,,,,,,,19839230769.2308,19870000000.0,19342000000.0,16563666666.6667,17594944444.4444,17155421052.6316,20249294117.6471,28101000000.0,22555941176.4706,21988444444.4444,20632090909.0909,7628738475.37666,8602887622.63828,10832064941.654,9709240033.98973,18991484420.36,12294964837.6235,11316127378.9613,15031055046.7575,13637098579.109,13245990274.4581,14183446025.7389,16403043849.8297,21144957990.4681,26157743368.8716,29868657858.0082,34380536495.6739,44431257128.8618,54480684188.4442,52023801230.12,50689051382.4361,57681293006.9721,54297052002.2338,55819262374.9039,57080897012.1077,50765918159.1476,53929397039.2106,59167647387.606,66097226262.2191,68507731353.9114,70486877546.4901,84374613233.36,90506153293.6733,102199231384.542,113343355779.985,
Croatia,HRV,GDP (current US$),NY.GDP.MKTP.CD,,,,,,,,,,,,,,,,,,,,,,,,,,,,,,,25650213279.6781,18760386774.7973,10621169290.9986,11259647874.4986,15062911616.8222,22772394546.6058,24150978346.5253,24175764812.1218,25890228429.7214,23777026779.3004,22134411297.473,23066883849.6467,26757722428.6781,35245317001.8224,41836292157.3335,45013119281.806,49583544860.0759,59290621398.1561,68472854617.2831,62315996674.7984,58975205417.3439,62889007657.3899,57548115904.416,59846265181.8502,59606934500.9957,50998893384.8289,52650714171.8617,56182782585.9052,61667925219.0755,61466721186.3116,57959843541.3699,69002365163.3368,71196498671.1145,85624153964.0987,92983810328.9088,
Cyprus,CYP,GDP (current US$),NY.GDP.MKTP.CD,,,,,,,,,,,,,,,,489912574.305146,576090073.715036,734876021.128049,964024364.43274,1288699776.05059,2154311276.94859,2087496373.77964,2159242416.76942,2160364071.19021,2278248953.14058,2430411900.19194,3090734463.27684,3704813885.50548,4278792597.23965,4563482603.5503,5591130217.66965,5770197348.48485,6912150456.32334,6590291048.29211,7425703928.57143,9933137128.07244,10011914680.0502,9547816419.61231,10248618778.2805,10497907227.616,9985847313.85485,10397898907.1038,11420228846.1538,14547329558.3239,17320551250.0,18433412510.8817,20072754986.8272,23968727073.6381,27844646257.507,26048179949.1741,25799940077.6075,27641549301.6561,25047436974.6819,23959712860.8331,23225918259.9824,19909278416.8575,21046462280.5979,22946570628.7576,25754001367.5448,26196667099.5303,25555093854.2968,30372642502.4897,31218038929.0919,35075423857.0996,37634533331.8902,
Czechia,CZE,GDP (current US$),NY.GDP.MKTP.CD,,,,,,,,,,,,,,,,,,,,,,,,,,,,,,,41016881802.4843,30071014282.3218,35051065440.3962,41155654032.1751,48188478339.4129,60572381311.2283,67804105329.8557,62539765163.1302,67187217327.7326,65586562604.8621,62175642238.0847,68135304463.9641,82607869609.574,100435924704.881,120147899983.657,137264185596.1,156236258386.589,190040702286.917,236506264753.95,206971882704.716,211168667286.27,231429378717.312,210363223087.728,213024360541.119,210911285077.683,189107698561.919,198160659303.939,221563575696.217,251992360762.236,256794209028.77,251109660602.536,290972714482.313,301831228325.556,345059295659.911,347034062928.479,
Denmark,DNK,GDP (current US$),NY.GDP.MKTP.CD,6361166544.50349,7058361229.35415,7953274741.29303,8466044979.87996,9677401337.17309,10870670865.3211,11931740293.0378,13059064805.8774,13505574133.3333,15414902666.6667,17075457733.3333,19086192720.4664,23230667549.2496,30718181337.3006,34125712480.9267,40418967665.5877,44503607444.1687,49711709588.2196,60320089217.713,70393030602.547,70811287815.6106,61459941460.5385,60084214872.0657,60331158447.2389,58868891334.9941,62452421010.9094,87748695216.9077,109183446340.073,115540189705.118,112312200760.581,138217740684.484,139180507777.691,152966494259.538,143111306004.102,156017919221.457,184848481008.139,187481157845.724,173241365735.483,176877077513.133,177887720535.535,164043817223.59,164881594415.341,178788209558.311,218421193436.252,251986155630.852,265150087711.985,283386151543.687,320213157595.018,354979471960.142,322619152194.594,322345594075.47,344315595263.175,326792574244.963,344631016965.12,352832602064.452,301758922337.637,312181849372.233,331610593961.988,355293374912.393,345401473012.615,355631021931.621,406110162088.054,400114306337.077,404651706117.557,424524722037.047,
Estonia,EST,GDP (current US$),NY.GDP.MKTP.CD,,,,,,,,,,,,,,,,,,,,,,,,,,,,,,,,,,4013091682.2914,4123011419.74174,4502970889.06373,4786018988.16491,5154420649.23354,5674080542.88575,5756912265.75809,5686579747.53524,6250218422.70164,7370119619.4782,9876595528.45528,12148595031.0559,14109491356.7964,17025671810.3124,22450264166.4385,24342935403.5447,19633984440.1223,19524355419.038,23303915794.7569,23237406116.3988,25451032780.7573,27055689003.0038,23311847750.9394,24561027787.7896,27469461919.1189,31222632740.7247,31873748770.0313,31820771493.8974,37201101170.5847,38226641740.29,41470344395.1086,43130419829.35,
Finland,FIN,GDP (current US$),NY.GDP.MKTP.CD,5279481824.12983,5984433774.41601,6407796042.70357,6958916548.12933,7848987792.54261,8680393838.88018,9306142171.60056,9468272357.09549,8916565040.54632,10177524838.9004,11358529161.9479,12528522307.4737,14744499569.8308,19474098335.1486,24851036710.2568,29475251333.4411,31852352669.6415,33502784417.884,36259392057.7617,44469218439.9328,53649984061.205,52440066133.9212,52784013815.2214,50956447480.7857,52870993272.6553,55856676899.4628,73511611541.1682,91564993913.1611,109039090262.971,118991270611.057,141446120354.533,127794441993.824,112537828510.751,89112105756.2194,103182697780.307,134060457516.34,131991975148.848,126862902302.142,133990876724.522,135234241918.147,125967821110.589,129519672868.898,140360963811.765,171612867735.686,197458297639.769,204859368790.661,217044068234.117,256360251537.648,285698662071.094,253480783439.453,249429613683.334,275126915515.565,257443384492.969,270268036626.275,273478528954.901,233210733506.25,238777818792.608,253846138440.0,273869255596.078,267014821129.411,270000311606.226,294223210496.119,280253099309.34,295021982462.75,298696961297.656,
France,FRA,GDP (current US$),NY.GDP.MKTP.CD,61959085885.3427,67158050215.0488,75196980365.0325,84227606649.8725,93424179943.3453,100927668584.29,109306730313.216,118088635380.954,128710572572.436,140660914840.59,147312861698.358,164694210962.472,201738881664.499,261970536240.424,282739225313.693,357324307786.446,368363152144.223,406401711687.617,501724418604.651,608218624730.188,694529183483.39,609184791792.396,578152310609.841,553356312935.709,525033325827.516,547220981165.134,764946585850.933,926320855614.973,1010827662151.75,1016742237302.08,1257649439826.53,1258961748633.88,1389663073110.28,1314383368079.69,1385822778827.98,1595219345511.89,1598889216566.23,1449392222971.45,1496906382032.47,1486915879701.93,1360959069477.49,1370376677298.86,1492427756382.43,1835095983049.09,2109792297237.03,2192146403028.17,2317861544690.82,2655816911866.56,2926802941585.86,2700075882518.98,2646230027988.34,2870408553990.28,2683007095787.23,2816077607875.26,2861236112552.42,2442483452642.5,2470407619777.13,2588868323334.71,2781576320884.39,2722793515171.76,2647926055110.05,2966433692008.09,2794788137066.94,3056250648138.29,3160442622465.08,
Georgia,GEO,GDP (current US$),NY.GDP.MKTP.CD,,,,,,,,,,,,,,,,,,,,,,,,,,,,7321981333.6772,8833588173.40023,8902632715.25406,7735927263.59261,6324503311.25828,3690328963.64086,2701181331.30816,2513867645.13316,2693732611.81599,3094936177.1918,3510520231.21387,3613497316.55319,2800025882.71672,3057475335.18846,3219462262.0075,3395766677.67315,3991377904.13162,5125365191.98664,6410912049.87105,7745250733.95067,10172931088.5655,12795145130.9103,10766920065.8251,12426907967.1578,15475290469.2869,16894392033.2256,17517660143.6859,17966015109.3043,15223796148.8396,15444548901.9637,16473125375.0684,17902544880.6471,17638337116.9126,16010869215.68,18853115588.8106,24984568959.605,30777833600.6515,34189423544.9955,
Germany,DEU,GDP (current US$),NY.GDP.MKTP.CD,84619845881.2608,96558204043.1028,105895435234.343,112232503744.1,123330404665.086,134774688191.161,143304275683.979,145100667772.69,156527292653.157,177733486326.06,216629229947.096,250900942396.699,300899944795.436,399833571167.215,446934971657.471,492434094920.105,521658712132.981,602698323085.993,743182891918.208,884574218333.155,953772499462.019,803404797057.551,779421633755.138,773507930294.906,727767760978.627,735218723093.277,1050092624515.9,1302932318824.81,1406367016371.53,1404092925205.45,1778162195860.07,1875792575132.59,2141377582968.07,2078954217437.6,2215282632276.73,2593053091306.13,2506576553158.31,2218790886532.82,2247760364565.97,2213873468586.88,1966980701145.1,1966381496641.73,2102350798305.89,2534715518349.01,2852317768061.78,2893393187361.87,3046308753670.58,3484056680854.91,3808197720125.0,3478545516683.59,3467093769666.67,3823575803793.78,3596483233406.25,3807023797050.99,3964870735760.77,3425099578746.09,3536787895179.0,3765351626105.89,4055433215301.96,3959894794039.21,3941398957073.94,4355251953410.78,4201021706478.62,4562207532490.28,4685592577804.69,
Greece,GRC,GDP (current US$),NY.GDP.MKTP.CD,4274890306.82895,4892397431.33292,5140542929.42067,5813285626.64404,6576906345.11518,7582209670.27425,8472021466.86847,9146592855.683,9950331205.83108,11454106327.0756,12957113636.3636,14388806818.1818,16650659090.9091,22037019562.7158,24998715909.0909,28129128586.61,30719552238.806,35673080481.0361,43654480519.4805,53724121435.1426,56039256594.7242,51618456334.5633,53858346938.7755,48741397058.8235,47352146311.971,47155741426.1041,55595445472.2493,64739630095.6215,75200610136.9205,78067933277.3815,96529587274.2906,103680863712.844,114608178405.434,107295704518.43,114980063202.247,134974613913.811,142502984144.96,138766067640.085,139612812175.718,137131371955.307,125760166224.805,132050474720.03,150253800085.865,196930509813.384,234979615898.225,242315668619.405,269073415333.676,314226996944.108,351121399546.485,326829054686.306,296417644404.034,283228079776.041,238841140018.233,236556279640.705,233911581521.062,194567373678.099,193097239005.87,200381103984.298,213298873494.394,207305649887.019,191362985554.861,218303801895.326,217990189600.69,242946187738.269,256238371778.118,
Hungary,HUN,GDP (current US$),NY.GDP.MKTP.CD,,,,,,,,,4886222554.66355,5429812386.53195,5780929202.60333,6291568220.79393,7379313742.13684,9138292402.1882,10016338178.9993,11420392514.6172,13235612078.8396,14783674054.829,17286744153.707,19959731324.801,23116977148.0216,23705883891.9445,24141667188.0517,21910365258.2514,21242726264.4854,21510643750.177,24778163812.0131,27232016527.4237,29799838597.4079,30422508937.567,34478360678.756,34867307352.646,38857339124.9084,40256233360.3817,43307949890.4603,46577614588.9926,46833767123.6915,47398564799.2496,48784412623.5939,49160204397.4635,47275954428.9586,53800068065.7969,67636468625.0428,85190469121.074,104015363080.271,113098237570.929,115604111412.139,140123326896.329,158228265915.534,130807441076.16,131898737241.166,141712804953.868,128470269689.958,135646053778.582,141128696412.321,125244126623.289,128983560865.293,143335098991.862,161184691013.835,164936682033.992,158468487754.196,183282685440.486,177002580544.155,213240316634.648,222722738925.641,
Iceland,ISL,GDP (current US$),NY.GDP.MKTP.CD,260984498.826389,266711460.241466,299309938.066264,357240895.712432,456206298.792753,550150987.996732,660663763.278256,652609075.682946,498365199.686946,435659609.943615,545115909.090909,693679545.454545,869002945.841831,1194794186.17552,1568154077.03852,1456052700.06506,1727845419.11401,2285707748.78061,2599627088.63561,2953176971.07204,3499616683.34167,3615094820.1877,3318714326.1952,2862634163.62085,2964568005.62888,3088359966.94589,4129080094.00499,5713281235.45655,6320093411.44744,5870854233.21143,6694851159.32729,7151260062.07169,7328497599.30768,6435952173.86159,6612804055.79289,7372640168.67697,7686566105.26316,7716781803.07823,8637732541.50677,9107644690.76647,9140168922.35677,8323401820.48477,9416199699.54736,11564687741.9859,13963943244.0018,17146410560.5279,17671649843.2602,21960110030.4426,18247921360.2599,13212543837.5133,13922711576.5124,15394005872.149,14943757823.3226,16244319958.6808,18052183514.8695,17700486957.1907,21083713310.457,25060086487.8901,26677652544.3499,24985687022.0452,22034665040.7901,26234872402.457,29166102877.2755,31677891896.7861,33255181468.9382,
Ireland,IRL,GDP (current US$),NY.GDP.MKTP.CD,1998550221.80554,2151772979.96956,2329372971.89171,2505073357.88508,2851091646.43165,3035655793.5247,3198820903.82796,3445739914.73101,3378701146.84197,3902721631.54663,4395995085.99509,5098250287.46646,6318060582.21873,7481173065.79201,7896860614.98803,9483808362.36934,9453756014.71837,11248340431.3779,14647996073.6937,18319334300.4513,21747855640.0712,20670190138.1671,21474752962.2178,20766047763.5314,20106648454.8404,21270013325.5601,28714571852.4799,33920518492.5094,37772896220.7559,39238392677.7542,49305632408.4929,49787501584.4847,55918538121.3989,52417477613.676,57097656065.96,69139823232.3232,75790786290.3226,82856648758.3572,90199410115.5097,98893958262.6438,100207610429.909,109346669229.695,128596035288.401,164670771259.602,194372115041.065,211876989655.907,232180617162.279,270079279419.5,275447471451.063,236443115853.695,221732824603.484,240975871046.644,226921827888.137,242924245718.756,266490442124.309,302101388556.271,305431252708.748,348355212568.515,395780319816.603,407211793800.713,436009027818.948,530394123829.763,548341794599.09,567372737459.116,609157459747.205,
Italy,ITA,GDP (current US$),NY.GDP.MKTP.CD,42012422612.3955,46649487320.4225,52413872628.0045,60035924617.9277,65720771779.4768,70717012186.1774,76622444787.3696,84401995573.2456,91485448147.84,100996667239.335,113656669764.56,124959712858.926,145594833997.344,175896529392.229,200024444775.231,228220643534.994,225235205861.828,258190019749.835,315784469541.41,394584507107.9,478356755595.749,431695533980.583,428257421617.752,444063496940.337,438896930791.272,453259761687.456,641862313287.44,807570134448.76,893663934840.821,930801709003.669,1183945130898.51,1249092439519.28,1323204350353.5,1067412587670.73,1101750159702.21,1177369428265.78,1314776508972.27,1244988176443.84,1272729786996.77,1255004736463.98,1149661363439.38,1172041488805.87,1281746271196.04,1582930016538.82,1812808753294.75,1864982261286.85,1958563654385.64,2222524108127.65,2417508414187.19,2209484319012.65,2144936254535.0,2306974020278.21,2097929495121.68,2153225581941.46,2173255507985.84,1845428048839.1,1887111188176.93,1970720904584.71,2099435266458.67,2019606796583.53,1907481094079.23,2179207773596.09,2104067630319.46,2316727999333.18,2380825077243.59,
Kosovo,XKX,GDP (current US$),NY.GDP.MKTP.CD,,,,,,,,,,,,,,,,,,,,,,,,,,,,,,,,,,,,,,,,,,,,,,,,,5181776768.71247,5015894692.97027,5343950556.07185,6341613609.97976,6163484244.63408,6735328609.6594,7074394734.88431,6295848422.71573,6682677289.98994,7180768692.01515,7878762812.27689,7899741278.75198,7717143395.54732,9413408574.4949,9354907646.29785,10468224574.7539,11197246322.588,
Latvia,LVA,GDP (current US$),NY.GDP.MKTP.CD,,,,,,,,,,,,,,,,,,,,,,,,,,,,,,,,,,,,5608208784.9401,5799465288.41246,6349481006.53278,6974112951.26891,7324192889.74297,7761252607.18424,8190888739.6463,9249030241.01864,11244337719.8377,13827070378.5612,16306935905.4138,20434922247.3037,29420499247.7089,34135200994.0067,25691530442.035,23468324572.3343,26575547900.8247,27116149948.6683,29152128167.8438,30277203767.4058,26344565876.8902,27117105059.5075,29391059767.4259,33247935477.3576,33099503950.847,33379927434.6149,38183326784.9335,38003198508.9107,42779550936.838,43684254432.3609,
Liechtenstein,LIE,GDP (current US$),NY.GDP.MKTP.CD,,,,,,,,,,,90099360.8433666,104889795.333846,124940289.32382,165928881.55552,193980464.882101,246389101.853613,272489300.467827,303493119.480763,436912067.784287,503173104.391887,534699362.896161,511647750.124475,522096760.291094,524023624.89055,502620991.852944,529073612.453579,779357802.50006,1052848995.97101,1161757671.01756,1119983801.21338,1421509216.37424,1484160302.14952,1631177029.45063,1673085244.6879,1948129622.75132,2428525060.69927,2504012993.42238,2298389802.88883,2479699106.02264,2664105901.18863,2483889858.32312,2491800558.77674,2688618747.38148,3070803051.42164,3454373797.74442,3659319116.88057,4000102086.14635,4601429897.21468,5081479840.08716,4504375348.07038,5082337238.44718,5739706004.89616,5456102482.28614,6391708310.67727,6657526979.72277,6268515276.17441,6237302033.50132,6474308717.85289,6692620691.84146,6436467007.11932,6405870210.32293,7912602342.18895,7426856242.7736,8239379403.22096,,
Lithuania,LTU,GDP (current US$),NY.GDP.MKTP.CD,,,,,,,,,,,,,,,,,,,,,,,,,,,,,,,,,,,,7921210339.58439,8430207164.43677,10168271903.3233,11289161847.2162,11022095813.552,11550695727.2335,12260761329.3051,14282292664.6004,18809197969.5431,22743164431.1972,26105207115.3129,30116192746.8942,39729151614.6689,47831254207.5223,37494380038.9213,36638128534.0643,43186501862.7907,42709372066.8627,46303660422.0434,48306546656.9281,41540954817.2039,42970749245.0336,47756764508.446,54261795148.5372,55122066225.796,57412038533.2718,67037321008.9679,71033884499.7824,79789877416.1681,84869215513.3648,
Luxembourg,LUX,GDP (current US$),NY.GDP.MKTP.CD,709941874.044355,710163719.406917,747846862.209673,797902154.238122,910877686.268584,929477284.788002,976717015.461454,983052314.930267,1075561622.81321,1245432991.34271,1457768455.02219,1518773421.37846,1901697369.62698,2609875802.11136,3183637116.81856,3123333333.33333,3423586206.89655,3789321328.08104,4718539771.99949,5516982663.73143,6019805490.41247,5053665797.47936,4602316793.21914,4524217751.47929,4438435492.87908,4577211767.10374,6685595087.59256,8320902215.01891,9418167855.18376,10037674037.674,12778792853.6939,13834219728.293,15518702634.8808,15925521222.0149,17701798890.7644,20853093869.7318,20895314657.9805,19563836265.2233,20150053345.1878,21899317598.8414,21230182989.3036,21387533703.2327,23649833332.1655,29667268248.1305,35064843792.8993,37672280120.4794,42910146296.0646,51587401415.7872,58844277701.5258,54467289897.5582,56213985987.4168,61696281326.2453,59776383527.3602,65203276466.9763,68804811897.6445,60071584216.1375,62216885435.9488,65712180342.9836,71085623495.1145,69872035113.6469,73670782100.3909,86386759695.1653,80801680397.0139,88788881539.3937,93279851863.4062,
Malta,MLT,GDP (current US$),NY.GDP.MKTP.CD,,,,,,,,,,,250728796.288378,264578484.770195,295106628.339343,345616105.882558,376081124.273469,474618321.462361,527936988.791275,625563170.67121,793673401.641079,1001288846.84016,1250198601.09268,1243509393.61947,1234474404.03152,1165729706.8704,1101807023.04918,1117797439.14234,1435038441.11922,1751293460.68921,2019503068.03393,2118655676.67649,2547328747.50761,2750216746.88426,3021942758.83978,2709193538.42526,2998505428.14593,3709396044.85885,3822547197.24532,3787023706.66607,4010111688.35255,4111857809.11026,4036809815.46617,4070867133.21751,4455127414.45967,5418315224.40862,6104141520.0839,6393234992.55141,6749838805.58979,7908412305.62808,9135419464.96088,8734745697.93323,9097044159.26912,9789361703.07204,9609532089.16031,10796782636.1081,11888032873.8295,11340795042.0881,12025782834.1534,14161366724.1955,16153779510.9928,16337793530.7322,16404663226.4598,19739875611.4902,18928276162.4131,22610561526.1461,24971574502.4475,
Moldova,MDA,GDP (current US$),NY.GDP.MKTP.CD,,,,,,,,,,,,,,,,,,,,,,,,,,,,,,,3592857043.05057,3094565870.64237,2319243435.96096,2371813323.57343,1702314267.59123,1752999370.46158,1695122173.91304,1930081168.83117,1698717504.65549,1170782957.37443,1288429391.79951,1480673594.05602,1661818168.4226,1980907434.76826,2598249555.89984,2988342907.03096,3408255450.5509,4401173151.93767,6054824248.24221,5439434271.78807,6974982369.60155,8414352020.49442,8709138634.82921,9496717875.51932,9402090137.7423,7797667196.73087,7980917075.7748,9514404016.20949,11252353420.8798,11736797054.6965,11530746234.4492,13691869264.0794,14525337523.7271,16711906746.2133,18200340853.6517,
Monaco,MCO,GDP (current US$),NY.GDP.MKTP.CD,,,,,,,,,,,293127333.238065,327706210.435217,402451900.821288,523554039.203208,563949254.114034,711978961.893674,735324244.667397,811191392.224277,1000555218.03209,1209870147.49099,1378175524.11186,1205188647.93163,1143216456.56796,1092560364.51959,1037329604.35108,1082867507.33142,1515234743.47367,1839081463.27676,2000704744.91538,2010083833.1726,2481307077.10989,2480540845.33242,2737049230.70442,2574494355.73357,2720332134.53623,3130309995.30848,3137886994.52207,2840195190.36905,2934593467.68589,2907118641.17756,2654462665.26893,2673723033.71239,2919647981.81473,3597089750.78276,4043551488.82603,4204652898.73103,4586826512.71356,5875790766.2621,6502942244.93068,5474379252.34114,5367561569.59548,6088689808.38347,5742749294.00852,6555591709.88585,7070017323.65476,6264756528.37691,6471290793.55029,6430254652.58934,7184333936.01355,7383496254.23721,6730736282.78961,8623242743.29564,8800430486.17137,10003892565.2005,11125783372.4794,
Montenegro,MNE,GDP (current US$),NY.GDP.MKTP.CD,,,,,,,,,,,,,,,,,,,,,,,,,,,,,,,,,,,,,,838288806.001293,854261160.714286,828950327.353261,984293043.811565,1159869245.92513,1284685050.52413,1707710053.14938,2073234417.68066,2257174480.78597,2717702923.09622,3677910895.15467,4540861725.50168,4142640316.75465,4136936189.28052,4507126949.08507,4071829462.26447,4422097762.7848,4579636601.80039,4010885990.83986,4357469330.46719,4803962015.62122,5433467174.79183,5483476883.4658,4723571497.76347,5823715809.63286,6251215144.13471,7644389159.84471,8270016670.86774,
Netherlands,NLD,GDP (current US$),NY.GDP.MKTP.CD,13282979014.563,14599836396.388,15847582341.1664,17193744109.0367,20232048552.8327,22721869808.1438,24741480717.0389,27143828098.7481,30097635750.982,34086038090.3986,38220884519.3888,44644730576.4411,54787070173.0294,71946639602.7117,87371810804.1643,100397061693.97,109329386564.427,127203923857.412,156089077205.133,179933827309.678,195439301706.939,164375775854.456,158712765536.024,153671294108.563,144124462912.088,144057523221.868,201157708220.903,245406949521.323,262295966105.474,258716904291.801,318799003993.707,327982316124.47,363497050125.313,354070495965.828,379688232231.505,452967334614.329,451372549019.608,417506211881.635,438612530548.767,447778514140.155,417649282153.726,432536219668.898,475529972122.746,582435617081.96,661224886143.245,688133699635.797,737593995289.411,853499460872.552,957901566041.406,878954223140.234,852464982433.335,913140741332.687,845689017065.625,883951539006.669,901556501756.467,775743675302.734,797163949289.885,848233537845.884,929733599796.862,928903005576.469,932560861701.17,1054472123449.6,1046540797548.64,1135475867551.0,1214927698572.66,
North Macedonia,MKD,GDP (current US$),NY.GDP.MKTP.CD,,,,,,,,,,,,,,,,,,,,,,,,,,,,,,,4699646643.10954,4938775510.20408,2436849341.97604,2682456896.55172,3559608639.98379,4707041315.24202,4642021256.30689,3912986090.97363,3765745023.2074,3863619284.77939,3772859034.20508,3709636030.66578,4018365747.00972,4946296599.08467,5682784471.69722,6258602872.67898,6861226971.55617,8336474973.72949,9909552434.51136,9401736825.42688,9407170321.37752,10494626767.6445,9745261300.57788,10817702346.0674,11362265252.778,10064519962.5655,10672467073.2873,11307067069.6658,12683068114.2388,12606338448.547,12361036913.8409,14000283827.0154,13932436550.0883,15855131188.9092,16951682245.4202,
Norway,NOR,GDP (current US$),NY.GDP.MKTP.CD,5197398721.41367,5669689210.3186,6107076928.63372,6553269535.51009,7206522121.80418,8111945661.21624,8753940266.90184,9577383653.18303,10227087165.2414,11136187439.8326,12814123115.2613,14583114840.0629,17358610849.701,22534253702.8686,27145693810.1341,32877805200.023,35942270686.3374,41508030431.1074,46522900253.7054,53132244623.9213,64439382896.0156,63596654760.8677,62647195537.6511,61627240831.0948,62057955032.7758,65416879914.3907,78693118044.0045,94229907235.6215,101900260856.222,102633934390.615,119791843059.572,121872464483.487,130838040067.584,120579213712.804,127131319428.701,152029612324.788,163520109150.671,161356631888.484,154230295158.447,162383706021.13,171457201935.968,174239354070.977,195914852576.467,229385469337.024,265268662473.297,309978579743.888,346915160681.708,402643260487.572,464917553191.489,387976400617.019,431052143940.438,501360549669.404,512777309840.997,526014468085.106,501736471832.848,388159512245.53,370956547619.048,401745275035.261,439788625883.8,408742840909.091,367633418886.627,503367986030.268,596297651035.798,482949731776.587,483592648313.301,
Poland,POL,GDP (current US$),NY.GDP.MKTP.CD,,,,,,,,,,,,,,,,,,,,,,,,,,,,,,,65977748210.5263,85500935934.9901,94337050693.2727,96043157272.862,110803635287.621,142838527115.448,160813026223.063,159893964916.817,175282269666.801,170704452714.673,172953527033.013,191823200371.284,199694463255.567,218561225998.47,256268656145.134,306999913150.525,345897630736.173,429715132137.503,535612030671.888,440891472247.096,478111630683.514,527848543023.469,498148649702.66,518179836405.36,542134167178.627,480054118583.367,473259583969.643,528356676667.211,594616687350.017,602683770144.88,605914237903.742,689170230665.35,695607470875.276,812451193396.143,917767106146.761,
Portugal,PRT,GDP (current US$),NY.GDP.MKTP.CD,3339150157.85605,3573719084.53354,3835883663.25123,4084251592.81599,4429202656.90741,4901711247.81592,5370108031.12859,6002607029.64663,6644693214.18343,7287555035.34403,8108235704.32357,9201604240.28269,11239117865.0852,15090564186.4268,17512391475.9274,19347607843.1373,20332831564.9867,21439523310.6338,23487614051.0949,26622819672.1311,32896519823.7885,31977276872.9642,30527754793.1382,27239650741.9472,25217969049.5755,27115807742.0873,38745901353.7059,48182925857.4071,56347250696.3788,60594092182.3275,78713860216.5659,89233599278.4792,107592098307.098,95009751901.2592,99688641304.3478,118122007430.012,122630089680.27,117016535162.95,123946327916.296,127470385557.184,118605192877.388,121604107164.997,134795565549.419,165226175536.793,189382122532.169,197253876704.921,208756449275.848,240496147317.381,263416394624.084,244667762835.543,238443864993.217,245426767676.002,216536676771.973,226677408291.745,230078616299.675,199038523119.639,206305431241.638,220862990767.229,242092894542.888,240115970063.019,229618773422.577,256055879091.139,256898677175.024,292323800948.839,313271185085.102,
Romania,ROU,GDP (current US$),NY.GDP.MKTP.CD,,,,,,,,,,,,,,,,,,,,,,,,,,,,38067567567.5676,40424528301.8868,41450777202.0725,38247882300.4904,28850634899.856,25121666666.6667,26361160449.9704,30072805104.2542,37430162102.6125,36937074278.3004,35575214078.2428,41696091973.7076,35953156753.739,37253739511.1273,40395116581.4832,46065502702.5817,57806384143.166,74973656851.8076,98454380120.0761,122023735992.706,174588782938.583,214315932061.275,174110532658.867,170064350671.827,192623977894.173,179117323107.087,189798603751.235,199722319675.741,177885131240.315,185290759248.844,210147385855.419,241791427223.903,250080428511.595,250625048303.578,285071280114.469,295319437556.988,347757995758.914,382564217988.866,
Russian Federation,RUS,GDP (current US$),NY.GDP.MKTP.CD,,,,,,,,,,,,,,,,,,,,,,,,,,,,,554828660436.137,506631299734.748,517014446227.929,517962962962.963,460290556900.726,435083713850.837,395077301248.464,395537185734.854,391724890744.498,404928954191.876,270955486862.442,195907128350.934,259710142196.943,306602070620.5,345470494417.863,430347420184.885,591016690732.385,764015973481.11,989932071352.543,1299703478481.65,1660848058303.11,1222645900055.7,1524916715223.95,2045922753398.04,2208293553878.42,2292470078346.22,2059241589895.01,1363482182197.71,1276786350881.14,1574199360089.0,1657328773461.31,1693115002708.32,1493075894362.14,1829186719575.1,2291612121334.64,2071505725030.58,2173835806671.66,
San Marino,SMR,GDP (current US$),NY.GDP.MKTP.CD,,,,,,,,,,,,,,,,,,,,,,,,,,,,,,,,,,,,,,976606910.602381,1048316225.70471,1109473367.84318,1007661366.66959,1059529812.37456,1148872072.38556,1462590266.59186,1715340542.988,1786514058.22344,1909765165.43137,2188654628.38097,2403213305.03601,2064277126.41466,1881191925.32503,1813717438.69134,1604701299.43546,1678741475.14095,1673911426.17254,1419401070.56043,1468343139.74326,1528620346.31168,1655353653.05934,1616340692.28937,1541248248.80727,1855652786.18368,1829211863.9476,2027527227.831,,
Serbia,SRB,GDP (current US$),NY.GDP.MKTP.CD,,,,,,,,,,,,,,,,,,,,,,,,,,,,,,,,,,,,17921892655.3672,23277430167.5978,27153408994.8074,21004077441.4802,20878694850.5767,7326373882.11044,13599378661.9952,17930583571.3055,23593044417.5086,26845632341.8075,28334256180.8801,33298057361.7412,44888028946.0854,54220641201.6474,46955984409.7271,43536629233.1424,51251098408.0924,45103269969.4112,50455529604.0696,49114321280.3466,41297410634.9586,42225495909.5633,45972834713.8077,52787520248.9242,53864693664.5568,55874017668.998,66159884072.5308,66809895701.2152,81343999280.0179,90097765959.1114,
Slovak Republic,SVK,GDP (current US$),NY.GDP.MKTP.CD,,,,,,,,,,,,,,,,,,,,,,,,,,,,,,,12915046978.1615,14459924588.948,15699327209.2121,16737973764.3476,20428139755.6056,26180022222.2222,28197790874.5247,27844628979.2682,29976207629.4888,30496272225.1337,29215726004.7765,30726659550.9717,35243658398.7546,46616149116.7411,57215475076.2986,62547753148.4638,70751813442.9881,86587749517.9724,100830060552.902,89342984697.5246,91112160800.7668,99705104723.4341,94724394278.052,99134277850.3418,101713075598.862,89178548717.3324,90347173228.6356,95978130734.9766,106611673364.837,105843498304.094,107732602896.441,120511265913.343,115792972358.209,133578518423.544,140934076532.375,
Slovenia,SVN,GDP (current US$),NY.GDP.MKTP.CD,,,,,,,,,,,,,,,,,,,,,,,,,,,,,,,19832029087.1272,14454495058.907,14277261540.7456,14449298371.7879,16400767069.6294,21367422159.3207,21470699362.6062,20726878751.5006,22058635314.4836,22609669083.7179,20159190701.6789,20668868706.8115,23214593516.2095,29360575031.8177,34156553313.4031,35947936823.7781,39260368837.0342,47880266542.577,55509332322.3578,49975540954.8465,47793117240.9001,51199194599.3094,46167053954.3367,47867056858.8892,49514466379.6057,42709468274.8137,44290685824.0682,48153200134.6613,53689067639.9176,53909922735.545,53384760135.1581,61540813361.8556,59899117741.0022,69255264238.3855,72972015197.3859,
Spain,ESP,GDP (current US$),NY.GDP.MKTP.CD,12424514013.7604,14238126759.7335,16609632790.5843,19631714759.6491,21966876027.2517,25479619606.5284,29559436182.9186,32570905397.2885,32394326463.759,37090689287.8552,40963715236.5106,46586119760.479,59090176028.993,78583355225.5854,97204522642.0536,114695060869.565,118422534195.474,132354665936.473,160484969618.056,214448666336.143,232600556973.776,202663023968.283,195856752991.065,170829074245.94,171979977230.387,180664322896.282,251141555185.933,318520253335.13,375891716897.586,414460794096.978,536175326477.31,576753902321.857,630465353486.104,524700572623.872,530183651720.283,614170002668.802,642251412058.321,589739772727.273,618731484575.12,634394904386.874,598102854756.08,627798682378.741,708938227243.923,907963217057.645,1069829382514.67,1154667551775.88,1261846683275.29,1476746276854.51,1636115447612.5,1496587590847.66,1427989078916.67,1487568659241.25,1330994811670.31,1362186923157.65,1380244561361.96,1206164777553.12,1243015667917.12,1321754088818.83,1431642809327.06,1403496387686.27,1289783836971.21,1461244901852.69,1448850658406.62,1619481980719.64,1725671652742.19,
Sweden,SWE,GDP (current US$),NY.GDP.MKTP.CD,15930075466.8898,17329620584.6147,18794066990.0612,20342131881.5074,22685490195.3119,24963947414.6983,27154716721.2854,29474881505.9928,31277871668.8452,33967301561.0634,38037226668.2131,41506151114.9262,48883173399.9664,59318842992.2378,65917634590.2599,82765232647.753,89232517045.8459,94331782622.2778,104290933495.629,123207527699.377,141886067003.972,129498921475.688,114214731798.937,104862109663.367,109043045407.287,113958084357.094,150279869728.789,182744315973.756,206686590775.558,217632340194.512,261466577008.853,273831464572.137,283908914454.48,212644602615.823,228699066874.028,267050453506.792,291949597375.485,268249616890.856,270887306758.576,274318357862.122,262903560280.282,242497797484.776,267371907446.776,334072443515.576,384545442175.019,391688455928.597,422528394459.353,490047789548.441,514614100832.941,434311714442.499,492750897239.447,570538581144.45,549739674655.127,584125353119.18,577727767303.596,501602351911.6,513058312950.939,535172356784.769,549649344043.182,530894124494.418,544265668451.678,631693331300.776,575071237640.921,578990915246.07,603715224265.798,
Switzerland,CHE,GDP (current US$),NY.GDP.MKTP.CD,10412232620.5258,11713348834.3069,12989649694.2812,14283872299.0456,15833133857.6281,16780226225.085,18019402373.5388,19397044714.0963,20712102793.8026,22442043274.074,24998066773.3821,30040171750.6471,36844318854.2403,49550006319.5147,57103011445.6416,65466081819.2384,68476524643.943,73135771167.048,102280472035.794,114970094424.731,122557843886.137,112244805518.786,115043365512.486,114634358534.61,109455312167.511,110980314191.527,159089921062.872,199236370037.554,215540625298.982,208105846934.409,265763573999.424,268901693863.319,279921425828.474,272237527070.926,301375055202.164,352835806342.495,340103959546.926,294788198856.198,303459014346.806,297873643323.126,279216033870.204,286582672434.226,309301422430.386,362075086507.76,403912891033.374,418284865884.998,441634672196.523,490740715594.802,567267767519.158,554212916092.271,598851028906.58,715888126682.396,686420221557.99,706234937370.968,726537808338.0,694118186379.628,687895460902.713,695200833086.499,725568717468.001,721369112726.724,741999406005.627,815309330986.719,828508926958.393,894424821645.205,936564198048.516,
Turkiye,TUR,GDP (current US$),NY.GDP.MKTP.CD,7566666666.66667,7988888888.88889,8922222222.22222,10355555555.5556,11177777777.7778,11966666666.6667,14100000000.0,15644444444.4444,17500000000.0,19466666666.6667,17863636363.6364,16166666666.6667,20650000000.0,26000000000.0,35414285714.2857,46042857142.8571,51450000000.0,58683333333.3333,65912500000.0,89616129032.2581,68823684210.5263,71180180180.1802,64369325153.3742,61803555555.5556,59937602179.8365,67232758620.6897,75673037037.037,87190081680.28,90875175808.7201,107127191328.935,150655500191.644,151034731543.624,159104772991.851,180415757851.616,130650447499.071,234699627004.035,250366965174.129,263817553748.395,276035372654.608,256673939247.773,274748463178.502,202195080239.036,240778008473.845,315392899922.379,410156784495.948,508314210212.544,559668118237.002,685228481017.03,775415944332.866,653894449921.288,782545664268.333,844192507380.795,885327622479.052,962167643588.925,942343431928.654,865460050683.656,870818016909.84,863874522365.276,788356985773.667,775853144222.613,733628247119.077,839938668172.134,926097476913.818,1141242864657.45,1359123768774.12,
Ukraine,UKR,GDP (current US$),NY.GDP.MKTP.CD,,,,,,,,,,,,,,,,,,,,,,,,,,,,64087694038.2333,74703517902.6642,82709161099.1244,81393558423.4406,77350733982.4458,73945908383.7046,65648559903.0571,52549580264.8064,48213856468.5718,44558831005.0621,50151531591.7317,41882523345.1804,31580639553.8298,32375083934.8241,39309580983.2282,43956163612.0433,52010355753.0461,67220154164.3166,89238865118.5263,111884752475.248,148733861386.139,188110390659.515,121552153444.124,141209170427.233,169333835201.554,182591753827.949,190498811460.028,133503871861.723,91030967789.0717,93355869403.9223,112090505081.739,130891088293.55,153883047509.577,156617722013.342,199765859570.935,161989520721.19,181221517868.744,190741262414.705,
United Kingdom,GBR,GDP (current US$),NY.GDP.MKTP.CD,73233967692.1028,77741965703.3544,81247564156.8246,86561961812.3249,94407558351.1616,101824755078.991,108572752102.045,113116888210.787,107759910067.889,116464702803.218,130671946244.3,148113896325.14,169965034965.035,192537971582.558,206131369798.971,241756637168.142,232614555256.065,263066457352.172,335883029721.956,438994070309.191,564947710899.373,540765675241.158,515048916841.37,489618008185.539,461487097632.349,489285164271.047,601452653180.885,745162608269.325,910122732123.799,926884816753.927,1093169389204.55,1142797178130.51,1179659529659.53,1061388722255.55,1140489745944.29,1349094208616.06,1425287051482.06,1569317288801.57,1660821464060.95,1693458987218.9,1671597821152.97,1656171009068.66,1790536570743.41,2061227755102.04,2429774807762.72,2551361818181.82,2719558417663.29,3104699879951.98,2945251838235.29,2429358155475.93,2496740681057.14,2675590034128.66,2719715961539.83,2796908333283.39,3085362169410.29,2945579890258.46,2706807606538.73,2699118387873.1,2897028009916.05,2875710080015.3,2724001478304.59,3194559188925.93,3181244350465.41,3420796653789.08,3686033044482.13,
